,OBJECT,RA,DEC,Program_ID,Instrument,Category,Type,Mode,Dataset ID,Release_Date,TPL ID,TPL START,Exptime,filter_lambda_min,filter_lambda_max,Filter,MJD-OBS,Airmass,DIMM Seeing at Start
4108,"LAMP,FLAT",12:45:21.81,-64:49:16.9,60.A-9022(A),UVES,CALIB,"LAMP,FLAT",ECHELLE,UVES.2018-12-04T09:41:25.030,Dec  4 2018,UVES_dic1_cal_flatfree,2018-12-04T09:40:28,23.759,,,"FREE,HER_5",58456.403762,1.0,1.13
4109,"LAMP,FLAT",12:45:21.81,-64:49:16.9,60.A-9022(A),UVES,CALIB,"LAMP,FLAT",ECHELLE,UVES.2018-12-04T09:42:55.708,Dec  4 2018,UVES_dic1_cal_flatfree,2018-12-04T09:40:28,23.759,,,"FREE,HER_5",58456.404811,1.0,1.13
4110,"LAMP,FLAT",12:45:21.81,-64:49:16.9,60.A-9022(A),UVES,CALIB,"LAMP,FLAT",ECHELLE,UVES.2018-12-04T09:44:26.375,Dec  4 2018,UVES_dic1_cal_flatfree,2018-12-04T09:40:28,23.759,,,"FREE,HER_5",58456.405861,1.0,1.13
4111,"LAMP,FLAT",12:45:21.81,-64:49:16.9,60.A-9022(A),UVES,CALIB,"LAMP,FLAT",ECHELLE,UVES.2018-12-04T09:45:57.203,Dec  4 2018,UVES_dic1_cal_flatfree,2018-12-04T09:40:28,23.759,,,"FREE,HER_5",58456.406912,1.0,1.13
4112,"LAMP,FLAT",12:45:21.81,-64:49:16.9,60.A-9022(A),UVES,CALIB,"LAMP,FLAT",ECHELLE,UVES.2018-12-04T09:47:28.200,Dec  4 2018,UVES_dic1_cal_flatfree,2018-12-04T09:40:28,23.759,,,"FREE,HER_5",58456.407965,1.0,1.13
4118,"LAMP,FLAT",08:40:46.42,-32:52:40.1,60.A-9022(A),UVES,CALIB,"LAMP,FLAT",ECHELLE,UVES.2018-12-09T09:48:32.013,Dec  9 2018,UVES_dic1_cal_flatfree,2018-12-09T09:47:34,53.999,,,"FREE,HER_5",58461.408704,1.0,0.45
4119,"LAMP,FLAT",08:40:46.42,-32:52:40.1,60.A-9022(A),UVES,CALIB,"LAMP,FLAT",ECHELLE,UVES.2018-12-09T09:50:33.043,Dec  9 2018,UVES_dic1_cal_flatfree,2018-12-09T09:47:34,53.999,,,"FREE,HER_5",58461.410105,1.0,0.45
4120,"LAMP,FLAT",08:40:46.42,-32:52:40.1,60.A-9022(A),UVES,CALIB,"LAMP,FLAT",ECHELLE,UVES.2018-12-09T09:52:34.114,Dec  9 2018,UVES_dic1_cal_flatfree,2018-12-09T09:47:34,54.001,,,"FREE,HER_5",58461.411506,1.0,0.45
4121,"LAMP,FLAT",08:40:46.42,-32:52:40.1,60.A-9022(A),UVES,CALIB,"LAMP,FLAT",ECHELLE,UVES.2018-12-09T09:54:35.045,Dec  9 2018,UVES_dic1_cal_flatfree,2018-12-09T09:47:34,54.001,,,"FREE,HER_5",58461.412906,1.0,0.45
4122,"LAMP,FLAT",08:40:46.42,-32:52:40.1,60.A-9022(A),UVES,CALIB,"LAMP,FLAT",ECHELLE,UVES.2018-12-09T09:56:35.755,Dec  9 2018,UVES_dic1_cal_flatfree,2018-12-09T09:47:34,53.999,,,"FREE,HER_5",58461.414303,1.0,0.45
4133,"LAMP,FLAT",08:40:46.15,-32:52:37.4,60.A-9022(A),UVES,CALIB,"LAMP,FLAT",ECHELLE,UVES.2018-12-19T12:04:54.659,Dec 19 2018,UVES_dic1_cal_flatfree,2018-12-19T12:03:57,59.398,,,"FREE,HER_5",58471.50341,1.0,0.85
4134,"LAMP,FLAT",08:40:46.15,-32:52:37.4,60.A-9022(A),UVES,CALIB,"LAMP,FLAT",ECHELLE,UVES.2018-12-19T12:07:01.708,Dec 19 2018,UVES_dic1_cal_flatfree,2018-12-19T12:03:57,59.401,,,"FREE,HER_5",58471.504881,1.0,0.85
4135,"LAMP,FLAT",08:40:46.15,-32:52:37.4,60.A-9022(A),UVES,CALIB,"LAMP,FLAT",ECHELLE,UVES.2018-12-19T12:09:08.558,Dec 19 2018,UVES_dic1_cal_flatfree,2018-12-19T12:03:57,59.398,,,"FREE,HER_5",58471.506349,1.0,0.85
4136,"LAMP,FLAT",08:40:46.15,-32:52:37.4,60.A-9022(A),UVES,CALIB,"LAMP,FLAT",ECHELLE,UVES.2018-12-19T12:11:15.917,Dec 19 2018,UVES_dic1_cal_flatfree,2018-12-19T12:03:57,59.401,,,"FREE,HER_5",58471.507823,1.0,0.85
4137,"LAMP,FLAT",08:40:46.15,-32:52:37.4,60.A-9022(A),UVES,CALIB,"LAMP,FLAT",ECHELLE,UVES.2018-12-19T12:13:22.896,Dec 19 2018,UVES_dic1_cal_flatfree,2018-12-19T12:03:57,59.401,,,"FREE,HER_5",58471.509293,1.0,0.85
4143,"LAMP,FLAT",11:33:06.83,+05:22:12.5,60.A-9022(A),UVES,CALIB,"LAMP,FLAT",ECHELLE,UVES.2018-12-27T09:43:26.736,Dec 27 2018,UVES_dic1_cal_flatfree,2018-12-27T09:42:30,33.939,,,"FREE,HER_5",58479.405171,1.0,0.6
4144,"LAMP,FLAT",11:33:06.83,+05:22:12.5,60.A-9022(A),UVES,CALIB,"LAMP,FLAT",ECHELLE,UVES.2018-12-27T09:45:07.654,Dec 27 2018,UVES_dic1_cal_flatfree,2018-12-27T09:42:30,33.941,,,"FREE,HER_5",58479.406339,1.0,0.6
4145,"LAMP,FLAT",11:33:06.83,+05:22:12.5,60.A-9022(A),UVES,CALIB,"LAMP,FLAT",ECHELLE,UVES.2018-12-27T09:46:48.591,Dec 27 2018,UVES_dic1_cal_flatfree,2018-12-27T09:42:30,33.939,,,"FREE,HER_5",58479.407507,1.0,0.6
4146,"LAMP,FLAT",11:33:06.83,+05:22:12.5,60.A-9022(A),UVES,CALIB,"LAMP,FLAT",ECHELLE,UVES.2018-12-27T09:48:29.529,Dec 27 2018,UVES_dic1_cal_flatfree,2018-12-27T09:42:30,33.939,,,"FREE,HER_5",58479.408675,1.0,0.6
4147,"LAMP,FLAT",11:33:06.83,+05:22:12.5,60.A-9022(A),UVES,CALIB,"LAMP,FLAT",ECHELLE,UVES.2018-12-27T09:50:10.427,Dec 27 2018,UVES_dic1_cal_flatfree,2018-12-27T09:42:30,33.939,,,"FREE,HER_5",58479.409843,1.0,0.6
4148,"LAMP,FLAT",08:40:45.84,-32:52:33.4,60.A-9022(A),UVES,CALIB,"LAMP,FLAT",ECHELLE,UVES.2019-01-01T09:59:06.191,Jan  1 2019,UVES_dic1_cal_flatfree,2019-01-01T09:58:07,59.401,,,"FREE,HER_5",58484.416044,1.0,0.73
4149,"LAMP,FLAT",08:40:45.84,-32:52:33.4,60.A-9022(A),UVES,CALIB,"LAMP,FLAT",ECHELLE,UVES.2019-01-01T10:01:13.761,Jan  1 2019,UVES_dic1_cal_flatfree,2019-01-01T09:58:07,59.398,,,"FREE,HER_5",58484.41752,1.0,0.73
4150,"LAMP,FLAT",08:40:45.84,-32:52:33.4,60.A-9022(A),UVES,CALIB,"LAMP,FLAT",ECHELLE,UVES.2019-01-01T10:03:21.000,Jan  1 2019,UVES_dic1_cal_flatfree,2019-01-01T09:58:07,59.398,,,"FREE,HER_5",58484.418993,1.0,0.73
4151,"LAMP,FLAT",08:40:45.84,-32:52:33.4,60.A-9022(A),UVES,CALIB,"LAMP,FLAT",ECHELLE,UVES.2019-01-01T10:05:28.440,Jan  1 2019,UVES_dic1_cal_flatfree,2019-01-01T09:58:07,59.398,,,"FREE,HER_5",58484.420468,1.0,0.73
4152,"LAMP,FLAT",08:40:45.84,-32:52:33.4,60.A-9022(A),UVES,CALIB,"LAMP,FLAT",ECHELLE,UVES.2019-01-01T10:07:36.170,Jan  1 2019,UVES_dic1_cal_flatfree,2019-01-01T09:58:07,59.398,,,"FREE,HER_5",58484.421946,1.0,0.73
4153,"LAMP,FLAT",08:40:45.84,-32:52:33.4,60.A-9022(A),UVES,CALIB,"LAMP,FLAT",ECHELLE,UVES.2019-01-01T10:09:43.409,Jan  1 2019,UVES_dic1_cal_flatfree,2019-01-01T09:58:07,59.401,,,"FREE,HER_5",58484.423419,1.0,0.73
4154,"LAMP,FLAT",08:40:45.84,-32:52:33.4,60.A-9022(A),UVES,CALIB,"LAMP,FLAT",ECHELLE,UVES.2019-01-01T10:11:50.879,Jan  1 2019,UVES_dic1_cal_flatfree,2019-01-01T09:58:07,59.398,,,"FREE,HER_5",58484.424894,1.0,0.73
4155,"LAMP,FLAT",08:40:45.84,-32:52:33.4,60.A-9022(A),UVES,CALIB,"LAMP,FLAT",ECHELLE,UVES.2019-01-01T10:13:57.589,Jan  1 2019,UVES_dic1_cal_flatfree,2019-01-01T09:58:07,59.398,,,"FREE,HER_5",58484.426361,1.0,0.73
4156,"LAMP,FLAT",08:40:45.84,-32:52:33.4,60.A-9022(A),UVES,CALIB,"LAMP,FLAT",ECHELLE,UVES.2019-01-01T10:16:04.538,Jan  1 2019,UVES_dic1_cal_flatfree,2019-01-01T09:58:07,59.401,,,"FREE,HER_5",58484.42783,1.0,0.73
4157,"LAMP,FLAT",08:40:45.84,-32:52:33.4,60.A-9022(A),UVES,CALIB,"LAMP,FLAT",ECHELLE,UVES.2019-01-01T10:18:11.428,Jan  1 2019,UVES_dic1_cal_flatfree,2019-01-01T09:58:07,59.398,,,"FREE,HER_5",58484.429299,1.0,0.73
4158,"LAMP,FLAT",08:40:45.84,-32:52:33.4,60.A-9022(A),UVES,CALIB,"LAMP,FLAT",ECHELLE,UVES.2019-01-01T10:20:18.737,Jan  1 2019,UVES_dic1_cal_flatfree,2019-01-01T09:58:07,59.398,,,"FREE,HER_5",58484.430772,1.0,0.73
4159,"LAMP,FLAT",08:40:45.84,-32:52:33.4,60.A-9022(A),UVES,CALIB,"LAMP,FLAT",ECHELLE,UVES.2019-01-01T10:22:25.917,Jan  1 2019,UVES_dic1_cal_flatfree,2019-01-01T09:58:07,59.401,,,"FREE,HER_5",58484.432244,1.0,0.73
4160,"LAMP,FLAT",08:40:45.84,-32:52:33.4,60.A-9022(A),UVES,CALIB,"LAMP,FLAT",ECHELLE,UVES.2019-01-01T10:24:33.467,Jan  1 2019,UVES_dic1_cal_flatfree,2019-01-01T09:58:07,59.398,,,"FREE,HER_5",58484.433721,1.0,0.73
4161,"LAMP,FLAT",08:40:45.84,-32:52:33.4,60.A-9022(A),UVES,CALIB,"LAMP,FLAT",ECHELLE,UVES.2019-01-01T10:26:40.346,Jan  1 2019,UVES_dic1_cal_flatfree,2019-01-01T09:58:07,59.398,,,"FREE,HER_5",58484.435189,1.0,0.73
4162,"LAMP,FLAT",08:40:45.84,-32:52:33.4,60.A-9022(A),UVES,CALIB,"LAMP,FLAT",ECHELLE,UVES.2019-01-01T10:28:47.726,Jan  1 2019,UVES_dic1_cal_flatfree,2019-01-01T09:58:07,59.398,,,"FREE,HER_5",58484.436663,1.0,0.73
4168,"LAMP,FLAT",10:35:52.98,-57:54:33.5,60.A-9022(A),UVES,CALIB,"LAMP,FLAT",ECHELLE,UVES.2019-01-05T09:48:50.397,Jan  5 2019,UVES_dic1_cal_flatfree,2019-01-05T09:47:53,23.759,,,"FREE,HER_5",58488.408917,1.0,1.9
4169,"LAMP,FLAT",10:35:52.98,-57:54:33.5,60.A-9022(A),UVES,CALIB,"LAMP,FLAT",ECHELLE,UVES.2019-01-05T09:50:21.224,Jan  5 2019,UVES_dic1_cal_flatfree,2019-01-05T09:47:53,23.759,,,"FREE,HER_5",58488.409968,1.0,1.9
4170,"LAMP,FLAT",10:35:52.98,-57:54:33.5,60.A-9022(A),UVES,CALIB,"LAMP,FLAT",ECHELLE,UVES.2019-01-05T09:51:51.651,Jan  5 2019,UVES_dic1_cal_flatfree,2019-01-05T09:47:53,23.759,,,"FREE,HER_5",58488.411014,1.0,1.9
4171,"LAMP,FLAT",10:35:52.98,-57:54:33.5,60.A-9022(A),UVES,CALIB,"LAMP,FLAT",ECHELLE,UVES.2019-01-05T09:53:22.448,Jan  5 2019,UVES_dic1_cal_flatfree,2019-01-05T09:47:53,23.759,,,"FREE,HER_5",58488.412065,1.0,1.9
4172,"LAMP,FLAT",10:35:52.98,-57:54:33.5,60.A-9022(A),UVES,CALIB,"LAMP,FLAT",ECHELLE,UVES.2019-01-05T09:54:53.264,Jan  5 2019,UVES_dic1_cal_flatfree,2019-01-05T09:47:53,23.762,,,"FREE,HER_5",58488.413116,1.0,1.9
4193,"LAMP,FLAT",01:43:09.79,-16:01:41.4,194.C-0833(F),UVES,CALIB,"LAMP,FLAT",ECHELLE,UVES.2019-01-30T18:00:34.228,Jan 30 2019,UVES_dic1_cal_flatfree,2019-01-30T17:58:22,35.199,,,"FREE,HER_5",58513.750396,1.0,0.73
4194,"LAMP,FLAT",01:43:09.79,-16:01:41.4,194.C-0833(F),UVES,CALIB,"LAMP,FLAT",ECHELLE,UVES.2019-01-30T18:02:16.436,Jan 30 2019,UVES_dic1_cal_flatfree,2019-01-30T17:58:22,35.201,,,"FREE,HER_5",58513.751579,1.0,0.73
4195,"LAMP,FLAT",01:43:09.79,-16:01:41.4,194.C-0833(F),UVES,CALIB,"LAMP,FLAT",ECHELLE,UVES.2019-01-30T18:03:58.474,Jan 30 2019,UVES_dic1_cal_flatfree,2019-01-30T17:58:22,35.199,,,"FREE,HER_5",58513.75276,1.0,0.73
4196,"LAMP,FLAT",01:43:09.79,-16:01:41.4,194.C-0833(F),UVES,CALIB,"LAMP,FLAT",ECHELLE,UVES.2019-01-30T18:05:40.532,Jan 30 2019,UVES_dic1_cal_flatfree,2019-01-30T17:58:22,35.199,,,"FREE,HER_5",58513.753941,1.0,0.73
4197,"LAMP,FLAT",01:43:09.79,-16:01:41.4,194.C-0833(F),UVES,CALIB,"LAMP,FLAT",ECHELLE,UVES.2019-01-30T18:07:22.980,Jan 30 2019,UVES_dic1_cal_flatfree,2019-01-30T17:58:22,35.199,,,"FREE,HER_5",58513.755127,1.0,0.73
4198,"LAMP,FLAT",01:43:09.79,-16:01:41.4,194.C-0833(F),UVES,CALIB,"LAMP,FLAT",ECHELLE,UVES.2019-01-30T18:09:05.137,Jan 30 2019,UVES_dic1_cal_flatfree,2019-01-30T17:58:22,35.199,,,"FREE,HER_5",58513.756309,1.0,0.73
4199,"LAMP,FLAT",01:43:09.79,-16:01:41.4,194.C-0833(F),UVES,CALIB,"LAMP,FLAT",ECHELLE,UVES.2019-01-30T18:10:47.415,Jan 30 2019,UVES_dic1_cal_flatfree,2019-01-30T17:58:22,35.199,,,"FREE,HER_5",58513.757493,1.0,0.73
4200,"LAMP,FLAT",01:43:09.79,-16:01:41.4,194.C-0833(F),UVES,CALIB,"LAMP,FLAT",ECHELLE,UVES.2019-01-30T18:12:29.693,Jan 30 2019,UVES_dic1_cal_flatfree,2019-01-30T17:58:22,35.201,,,"FREE,HER_5",58513.758677,1.0,0.73
4201,"LAMP,FLAT",01:43:09.79,-16:01:41.4,194.C-0833(F),UVES,CALIB,"LAMP,FLAT",ECHELLE,UVES.2019-01-30T18:14:11.540,Jan 30 2019,UVES_dic1_cal_flatfree,2019-01-30T17:58:22,35.201,,,"FREE,HER_5",58513.759856,1.0,0.73
4202,"LAMP,FLAT",01:43:09.79,-16:01:41.4,194.C-0833(F),UVES,CALIB,"LAMP,FLAT",ECHELLE,UVES.2019-01-30T18:15:54.038,Jan 30 2019,UVES_dic1_cal_flatfree,2019-01-30T17:58:22,35.201,,,"FREE,HER_5",58513.761042,1.0,0.73
4203,"LAMP,FLAT",01:43:09.79,-16:01:41.4,194.C-0833(F),UVES,CALIB,"LAMP,FLAT",ECHELLE,UVES.2019-01-30T18:17:35.966,Jan 30 2019,UVES_dic1_cal_flatfree,2019-01-30T17:58:22,35.199,,,"FREE,HER_5",58513.762222,1.0,0.73
4204,"LAMP,FLAT",01:43:09.79,-16:01:41.4,194.C-0833(F),UVES,CALIB,"LAMP,FLAT",ECHELLE,UVES.2019-01-30T18:19:18.184,Jan 30 2019,UVES_dic1_cal_flatfree,2019-01-30T17:58:22,35.201,,,"FREE,HER_5",58513.763405,1.0,0.73
4205,"LAMP,FLAT",01:43:09.79,-16:01:41.4,194.C-0833(F),UVES,CALIB,"LAMP,FLAT",ECHELLE,UVES.2019-01-30T18:21:00.422,Jan 30 2019,UVES_dic1_cal_flatfree,2019-01-30T17:58:22,35.199,,,"FREE,HER_5",58513.764588,1.0,0.73
4206,"LAMP,FLAT",01:43:09.79,-16:01:41.4,194.C-0833(F),UVES,CALIB,"LAMP,FLAT",ECHELLE,UVES.2019-01-30T18:22:42.910,Jan 30 2019,UVES_dic1_cal_flatfree,2019-01-30T17:58:22,35.201,,,"FREE,HER_5",58513.765774,1.0,0.73
4207,"LAMP,FLAT",01:43:09.79,-16:01:41.4,194.C-0833(F),UVES,CALIB,"LAMP,FLAT",ECHELLE,UVES.2019-01-30T18:24:24.778,Jan 30 2019,UVES_dic1_cal_flatfree,2019-01-30T17:58:22,35.199,,,"FREE,HER_5",58513.766953,1.0,0.73
4208,"LAMP,FLAT",01:43:09.79,-16:01:41.4,194.C-0833(F),UVES,CALIB,"LAMP,FLAT",ECHELLE,UVES.2019-01-30T18:26:06.866,Jan 30 2019,UVES_dic1_cal_flatfree,2019-01-30T17:58:22,35.199,,,"FREE,HER_5",58513.768135,1.0,0.73
4209,"LAMP,FLAT",01:43:09.79,-16:01:41.4,194.C-0833(F),UVES,CALIB,"LAMP,FLAT",ECHELLE,UVES.2019-01-30T18:27:49.194,Jan 30 2019,UVES_dic1_cal_flatfree,2019-01-30T17:58:22,35.199,,,"FREE,HER_5",58513.769319,1.0,0.73
4210,"LAMP,FLAT",01:43:09.79,-16:01:41.4,194.C-0833(F),UVES,CALIB,"LAMP,FLAT",ECHELLE,UVES.2019-01-30T18:29:31.532,Jan 30 2019,UVES_dic1_cal_flatfree,2019-01-30T17:58:22,35.199,,,"FREE,HER_5",58513.770504,1.0,0.73
4211,"LAMP,FLAT",01:43:09.79,-16:01:41.4,194.C-0833(F),UVES,CALIB,"LAMP,FLAT",ECHELLE,UVES.2019-01-30T18:31:13.549,Jan 30 2019,UVES_dic1_cal_flatfree,2019-01-30T17:58:22,35.199,,,"FREE,HER_5",58513.771685,1.0,0.73
4212,"LAMP,FLAT",01:43:09.79,-16:01:41.4,194.C-0833(F),UVES,CALIB,"LAMP,FLAT",ECHELLE,UVES.2019-01-30T18:32:55.607,Jan 30 2019,UVES_dic1_cal_flatfree,2019-01-30T17:58:22,35.199,,,"FREE,HER_5",58513.772866,1.0,0.73
4213,"LAMP,FLAT",01:43:09.79,-16:01:41.4,194.C-0833(F),UVES,CALIB,"LAMP,FLAT",ECHELLE,UVES.2019-01-30T18:34:37.985,Jan 30 2019,UVES_dic1_cal_flatfree,2019-01-30T17:58:22,35.199,,,"FREE,HER_5",58513.774051,1.0,0.73
4214,"LAMP,FLAT",01:43:09.79,-16:01:41.4,194.C-0833(F),UVES,CALIB,"LAMP,FLAT",ECHELLE,UVES.2019-01-30T18:36:20.422,Jan 30 2019,UVES_dic1_cal_flatfree,2019-01-30T17:58:22,35.201,,,"FREE,HER_5",58513.775236,1.0,0.73
4215,"LAMP,FLAT",01:43:09.79,-16:01:41.4,194.C-0833(F),UVES,CALIB,"LAMP,FLAT",ECHELLE,UVES.2019-01-30T18:38:02.341,Jan 30 2019,UVES_dic1_cal_flatfree,2019-01-30T17:58:22,35.201,,,"FREE,HER_5",58513.776416,1.0,0.73
4216,"LAMP,FLAT",01:43:09.79,-16:01:41.4,194.C-0833(F),UVES,CALIB,"LAMP,FLAT",ECHELLE,UVES.2019-01-30T18:39:44.279,Jan 30 2019,UVES_dic1_cal_flatfree,2019-01-30T17:58:22,35.199,,,"FREE,HER_5",58513.777596,1.0,0.73
4217,"LAMP,FLAT",01:43:09.79,-16:01:41.4,194.C-0833(F),UVES,CALIB,"LAMP,FLAT",ECHELLE,UVES.2019-01-30T18:41:26.716,Jan 30 2019,UVES_dic1_cal_flatfree,2019-01-30T17:58:22,35.199,,,"FREE,HER_5",58513.778781,1.0,0.73
4218,"LAMP,FLAT",01:43:09.79,-16:01:41.4,194.C-0833(F),UVES,CALIB,"LAMP,FLAT",ECHELLE,UVES.2019-01-30T18:43:08.974,Jan 30 2019,UVES_dic1_cal_flatfree,2019-01-30T17:58:22,35.199,,,"FREE,HER_5",58513.779965,1.0,0.73
4219,"LAMP,FLAT",01:43:09.79,-16:01:41.4,194.C-0833(F),UVES,CALIB,"LAMP,FLAT",ECHELLE,UVES.2019-01-30T18:44:51.452,Jan 30 2019,UVES_dic1_cal_flatfree,2019-01-30T17:58:22,35.199,,,"FREE,HER_5",58513.781151,1.0,0.73
4220,"LAMP,FLAT",01:43:09.79,-16:01:41.4,194.C-0833(F),UVES,CALIB,"LAMP,FLAT",ECHELLE,UVES.2019-01-30T18:46:33.400,Jan 30 2019,UVES_dic1_cal_flatfree,2019-01-30T17:58:22,35.201,,,"FREE,HER_5",58513.782331,1.0,0.73
4221,"LAMP,FLAT",01:43:09.79,-16:01:41.4,194.C-0833(F),UVES,CALIB,"LAMP,FLAT",ECHELLE,UVES.2019-01-30T18:48:15.488,Jan 30 2019,UVES_dic1_cal_flatfree,2019-01-30T17:58:22,35.199,,,"FREE,HER_5",58513.783513,1.0,0.73
4222,"LAMP,FLAT",01:43:09.79,-16:01:41.4,194.C-0833(F),UVES,CALIB,"LAMP,FLAT",ECHELLE,UVES.2019-01-30T18:49:57.476,Jan 30 2019,UVES_dic1_cal_flatfree,2019-01-30T17:58:22,35.199,,,"FREE,HER_5",58513.784693,1.0,0.73
4223,"LAMP,FLAT",01:43:09.79,-16:01:41.4,194.C-0833(F),UVES,CALIB,"LAMP,FLAT",ECHELLE,UVES.2019-01-30T18:51:39.533,Jan 30 2019,UVES_dic1_cal_flatfree,2019-01-30T17:58:22,35.201,,,"FREE,HER_5",58513.785874,1.0,0.73
4224,"LAMP,FLAT",01:43:09.79,-16:01:41.4,194.C-0833(F),UVES,CALIB,"LAMP,FLAT",ECHELLE,UVES.2019-01-30T18:53:21.572,Jan 30 2019,UVES_dic1_cal_flatfree,2019-01-30T17:58:22,35.199,,,"FREE,HER_5",58513.787055,1.0,0.73
4225,"LAMP,FLAT",01:43:09.79,-16:01:41.4,194.C-0833(F),UVES,CALIB,"LAMP,FLAT",ECHELLE,UVES.2019-01-30T18:55:03.879,Jan 30 2019,UVES_dic1_cal_flatfree,2019-01-30T17:58:22,35.199,,,"FREE,HER_5",58513.788239,1.0,0.73
4226,"LAMP,FLAT",01:43:09.79,-16:01:41.4,194.C-0833(F),UVES,CALIB,"LAMP,FLAT",ECHELLE,UVES.2019-01-30T18:56:46.037,Jan 30 2019,UVES_dic1_cal_flatfree,2019-01-30T17:58:22,35.199,,,"FREE,HER_5",58513.789422,1.0,0.73
4227,"LAMP,FLAT",01:43:09.79,-16:01:41.4,194.C-0833(F),UVES,CALIB,"LAMP,FLAT",ECHELLE,UVES.2019-01-30T18:58:28.395,Jan 30 2019,UVES_dic1_cal_flatfree,2019-01-30T17:58:22,35.199,,,"FREE,HER_5",58513.790606,1.0,0.73
4228,"LAMP,FLAT",01:43:09.79,-16:01:41.4,194.C-0833(F),UVES,CALIB,"LAMP,FLAT",ECHELLE,UVES.2019-01-30T19:00:10.333,Jan 30 2019,UVES_dic1_cal_flatfree,2019-01-30T17:58:22,35.201,,,"FREE,HER_5",58513.791786,1.0,0.73
4229,"LAMP,FLAT",01:43:09.79,-16:01:41.4,194.C-0833(F),UVES,CALIB,"LAMP,FLAT",ECHELLE,UVES.2019-01-30T19:01:52.351,Jan 30 2019,UVES_dic1_cal_flatfree,2019-01-30T17:58:22,35.199,,,"FREE,HER_5",58513.792967,1.0,0.73
4230,"LAMP,FLAT",01:43:09.79,-16:01:41.4,194.C-0833(F),UVES,CALIB,"LAMP,FLAT",ECHELLE,UVES.2019-01-30T19:03:34.249,Jan 30 2019,UVES_dic1_cal_flatfree,2019-01-30T17:58:22,35.199,,,"FREE,HER_5",58513.794146,1.0,0.73
4231,"LAMP,FLAT",01:43:09.79,-16:01:41.4,194.C-0833(F),UVES,CALIB,"LAMP,FLAT",ECHELLE,UVES.2019-01-30T19:05:16.496,Jan 30 2019,UVES_dic1_cal_flatfree,2019-01-30T17:58:22,35.201,,,"FREE,HER_5",58513.79533,1.0,0.73
4232,"LAMP,FLAT",01:43:09.79,-16:01:41.4,194.C-0833(F),UVES,CALIB,"LAMP,FLAT",ECHELLE,UVES.2019-01-30T19:06:58.925,Jan 30 2019,UVES_dic1_cal_flatfree,2019-01-30T17:58:22,35.201,,,"FREE,HER_5",58513.796515,1.0,0.73
4233,"LAMP,FLAT",01:43:09.79,-16:01:41.4,194.C-0833(F),UVES,CALIB,"LAMP,FLAT",ECHELLE,UVES.2019-01-30T19:08:41.132,Jan 30 2019,UVES_dic1_cal_flatfree,2019-01-30T17:58:22,35.199,,,"FREE,HER_5",58513.797698,1.0,0.73
4234,"LAMP,FLAT",01:43:09.79,-16:01:41.4,194.C-0833(F),UVES,CALIB,"LAMP,FLAT",ECHELLE,UVES.2019-01-30T19:10:22.990,Jan 30 2019,UVES_dic1_cal_flatfree,2019-01-30T17:58:22,35.199,,,"FREE,HER_5",58513.798877,1.0,0.73
4235,"LAMP,FLAT",01:43:09.79,-16:01:41.4,194.C-0833(F),UVES,CALIB,"LAMP,FLAT",ECHELLE,UVES.2019-01-30T19:12:05.128,Jan 30 2019,UVES_dic1_cal_flatfree,2019-01-30T17:58:22,35.199,,,"FREE,HER_5",58513.800059,1.0,0.73
4236,"LAMP,FLAT",01:43:09.79,-16:01:41.4,194.C-0833(F),UVES,CALIB,"LAMP,FLAT",ECHELLE,UVES.2019-01-30T19:13:47.216,Jan 30 2019,UVES_dic1_cal_flatfree,2019-01-30T17:58:22,35.199,,,"FREE,HER_5",58513.801241,1.0,0.73
4237,"LAMP,FLAT",01:43:09.79,-16:01:41.4,194.C-0833(F),UVES,CALIB,"LAMP,FLAT",ECHELLE,UVES.2019-01-30T19:15:29.604,Jan 30 2019,UVES_dic1_cal_flatfree,2019-01-30T17:58:22,35.199,,,"FREE,HER_5",58513.802426,1.0,0.73
4238,"LAMP,FLAT",01:43:09.79,-16:01:41.4,194.C-0833(F),UVES,CALIB,"LAMP,FLAT",ECHELLE,UVES.2019-01-30T19:17:11.672,Jan 30 2019,UVES_dic1_cal_flatfree,2019-01-30T17:58:22,35.201,,,"FREE,HER_5",58513.803607,1.0,0.73
4239,"LAMP,FLAT",01:43:09.79,-16:01:41.4,194.C-0833(F),UVES,CALIB,"LAMP,FLAT",ECHELLE,UVES.2019-01-30T19:18:54.080,Jan 30 2019,UVES_dic1_cal_flatfree,2019-01-30T17:58:22,35.199,,,"FREE,HER_5",58513.804793,1.0,0.73
4240,"LAMP,FLAT",01:43:09.79,-16:01:41.4,194.C-0833(F),UVES,CALIB,"LAMP,FLAT",ECHELLE,UVES.2019-01-30T19:20:36.528,Jan 30 2019,UVES_dic1_cal_flatfree,2019-01-30T17:58:22,35.199,,,"FREE,HER_5",58513.805978,1.0,0.73
4241,"LAMP,FLAT",01:43:09.79,-16:01:41.4,194.C-0833(F),UVES,CALIB,"LAMP,FLAT",ECHELLE,UVES.2019-01-30T19:22:18.605,Jan 30 2019,UVES_dic1_cal_flatfree,2019-01-30T17:58:22,35.199,,,"FREE,HER_5",58513.80716,1.0,0.73
4242,"LAMP,FLAT",01:43:09.79,-16:01:41.4,194.C-0833(F),UVES,CALIB,"LAMP,FLAT",ECHELLE,UVES.2019-01-30T19:24:00.803,Jan 30 2019,UVES_dic1_cal_flatfree,2019-01-30T17:58:22,35.201,,,"FREE,HER_5",58513.808343,1.0,0.73
4243,"LAMP,FLAT",01:43:09.79,-16:01:41.4,194.C-0833(F),UVES,CALIB,"LAMP,FLAT",ECHELLE,UVES.2019-01-30T19:25:42.931,Jan 30 2019,UVES_dic1_cal_flatfree,2019-01-30T17:58:22,35.199,,,"FREE,HER_5",58513.809525,1.0,0.73
4244,"LAMP,FLAT",01:43:09.79,-16:01:41.4,194.C-0833(F),UVES,CALIB,"LAMP,FLAT",ECHELLE,UVES.2019-01-30T19:27:25.149,Jan 30 2019,UVES_dic1_cal_flatfree,2019-01-30T17:58:22,35.199,,,"FREE,HER_5",58513.810708,1.0,0.73
4245,"LAMP,FLAT",01:43:09.79,-16:01:41.4,194.C-0833(F),UVES,CALIB,"LAMP,FLAT",ECHELLE,UVES.2019-01-30T19:29:07.437,Jan 30 2019,UVES_dic1_cal_flatfree,2019-01-30T17:58:22,35.199,,,"FREE,HER_5",58513.811892,1.0,0.73
4246,"LAMP,FLAT",01:43:09.79,-16:01:41.4,194.C-0833(F),UVES,CALIB,"LAMP,FLAT",ECHELLE,UVES.2019-01-30T19:30:49.524,Jan 30 2019,UVES_dic1_cal_flatfree,2019-01-30T17:58:22,35.199,,,"FREE,HER_5",58513.813073,1.0,0.73
4247,"LAMP,FLAT",01:43:09.79,-16:01:41.4,194.C-0833(F),UVES,CALIB,"LAMP,FLAT",ECHELLE,UVES.2019-01-30T19:32:31.553,Jan 30 2019,UVES_dic1_cal_flatfree,2019-01-30T17:58:22,35.199,,,"FREE,HER_5",58513.814254,1.0,0.73
4248,"LAMP,FLAT",01:43:09.79,-16:01:41.4,194.C-0833(F),UVES,CALIB,"LAMP,FLAT",ECHELLE,UVES.2019-01-30T19:34:13.751,Jan 30 2019,UVES_dic1_cal_flatfree,2019-01-30T17:58:22,35.199,,,"FREE,HER_5",58513.815437,1.0,0.73
4249,"LAMP,FLAT",01:43:09.79,-16:01:41.4,194.C-0833(F),UVES,CALIB,"LAMP,FLAT",ECHELLE,UVES.2019-01-30T19:35:56.188,Jan 30 2019,UVES_dic1_cal_flatfree,2019-01-30T17:58:22,35.199,,,"FREE,HER_5",58513.816623,1.0,0.73
4250,"LAMP,FLAT",01:43:09.79,-16:01:41.4,194.C-0833(F),UVES,CALIB,"LAMP,FLAT",ECHELLE,UVES.2019-01-30T19:37:38.607,Jan 30 2019,UVES_dic1_cal_flatfree,2019-01-30T17:58:22,35.199,,,"FREE,HER_5",58513.817808,1.0,0.73
4251,"LAMP,FLAT",01:43:09.79,-16:01:41.4,194.C-0833(F),UVES,CALIB,"LAMP,FLAT",ECHELLE,UVES.2019-01-30T19:39:20.874,Jan 30 2019,UVES_dic1_cal_flatfree,2019-01-30T17:58:22,35.199,,,"FREE,HER_5",58513.818992,1.0,0.73
4252,"LAMP,FLAT",01:43:09.79,-16:01:41.4,194.C-0833(F),UVES,CALIB,"LAMP,FLAT",ECHELLE,UVES.2019-01-30T19:41:03.243,Jan 30 2019,UVES_dic1_cal_flatfree,2019-01-30T17:58:22,35.199,,,"FREE,HER_5",58513.820176,1.0,0.73
4253,"LAMP,FLAT",01:43:09.79,-16:01:41.4,194.C-0833(F),UVES,CALIB,"LAMP,FLAT",ECHELLE,UVES.2019-01-30T19:42:45.210,Jan 30 2019,UVES_dic1_cal_flatfree,2019-01-30T17:58:22,35.199,,,"FREE,HER_5",58513.821357,1.0,0.73
4254,"LAMP,FLAT",01:43:09.79,-16:01:41.4,194.C-0833(F),UVES,CALIB,"LAMP,FLAT",ECHELLE,UVES.2019-01-30T19:44:27.358,Jan 30 2019,UVES_dic1_cal_flatfree,2019-01-30T17:58:22,35.199,,,"FREE,HER_5",58513.822539,1.0,0.73
4255,"LAMP,FLAT",01:43:09.79,-16:01:41.4,194.C-0833(F),UVES,CALIB,"LAMP,FLAT",ECHELLE,UVES.2019-01-30T19:46:09.496,Jan 30 2019,UVES_dic1_cal_flatfree,2019-01-30T17:58:22,35.199,,,"FREE,HER_5",58513.823721,1.0,0.73
4256,"LAMP,FLAT",01:43:09.79,-16:01:41.4,194.C-0833(F),UVES,CALIB,"LAMP,FLAT",ECHELLE,UVES.2019-01-30T19:47:51.444,Jan 30 2019,UVES_dic1_cal_flatfree,2019-01-30T17:58:22,35.201,,,"FREE,HER_5",58513.824901,1.0,0.73
4257,"LAMP,FLAT",01:43:09.79,-16:01:41.4,194.C-0833(F),UVES,CALIB,"LAMP,FLAT",ECHELLE,UVES.2019-01-30T19:49:33.732,Jan 30 2019,UVES_dic1_cal_flatfree,2019-01-30T17:58:22,35.199,,,"FREE,HER_5",58513.826085,1.0,0.73
4258,"LAMP,FLAT",01:43:09.79,-16:01:41.4,194.C-0833(F),UVES,CALIB,"LAMP,FLAT",ECHELLE,UVES.2019-01-30T19:51:15.999,Jan 30 2019,UVES_dic1_cal_flatfree,2019-01-30T17:58:22,35.201,,,"FREE,HER_5",58513.827269,1.0,0.73
4259,"LAMP,FLAT",01:43:09.79,-16:01:41.4,194.C-0833(F),UVES,CALIB,"LAMP,FLAT",ECHELLE,UVES.2019-01-30T19:52:58.007,Jan 30 2019,UVES_dic1_cal_flatfree,2019-01-30T17:58:22,35.201,,,"FREE,HER_5",58513.828449,1.0,0.73
4260,"LAMP,FLAT",01:43:09.79,-16:01:41.4,194.C-0833(F),UVES,CALIB,"LAMP,FLAT",ECHELLE,UVES.2019-01-30T19:54:40.466,Jan 30 2019,UVES_dic1_cal_flatfree,2019-01-30T17:58:22,35.199,,,"FREE,HER_5",58513.829635,1.0,0.73
4261,"LAMP,FLAT",01:43:09.79,-16:01:41.4,194.C-0833(F),UVES,CALIB,"LAMP,FLAT",ECHELLE,UVES.2019-01-30T19:56:22.584,Jan 30 2019,UVES_dic1_cal_flatfree,2019-01-30T17:58:22,35.199,,,"FREE,HER_5",58513.830817,1.0,0.73
4262,"LAMP,FLAT",01:43:09.79,-16:01:41.4,194.C-0833(F),UVES,CALIB,"LAMP,FLAT",ECHELLE,UVES.2019-01-30T19:58:04.821,Jan 30 2019,UVES_dic1_cal_flatfree,2019-01-30T17:58:22,35.201,,,"FREE,HER_5",58513.832,1.0,0.73
4263,"LAMP,FLAT",01:43:09.79,-16:01:41.4,194.C-0833(F),UVES,CALIB,"LAMP,FLAT",ECHELLE,UVES.2019-01-30T19:59:46.729,Jan 30 2019,UVES_dic1_cal_flatfree,2019-01-30T17:58:22,35.201,,,"FREE,HER_5",58513.83318,1.0,0.73
4264,"LAMP,FLAT",01:43:09.79,-16:01:41.4,194.C-0833(F),UVES,CALIB,"LAMP,FLAT",ECHELLE,UVES.2019-01-30T20:01:28.677,Jan 30 2019,UVES_dic1_cal_flatfree,2019-01-30T17:58:22,35.199,,,"FREE,HER_5",58513.83436,1.0,0.73
4265,"LAMP,FLAT",01:43:09.79,-16:01:41.4,194.C-0833(F),UVES,CALIB,"LAMP,FLAT",ECHELLE,UVES.2019-01-30T20:03:10.835,Jan 30 2019,UVES_dic1_cal_flatfree,2019-01-30T17:58:22,35.199,,,"FREE,HER_5",58513.835542,1.0,0.73
4266,"LAMP,FLAT",01:43:09.79,-16:01:41.4,194.C-0833(F),UVES,CALIB,"LAMP,FLAT",ECHELLE,UVES.2019-01-30T20:04:52.772,Jan 30 2019,UVES_dic1_cal_flatfree,2019-01-30T17:58:22,35.201,,,"FREE,HER_5",58513.836722,1.0,0.73
4267,"LAMP,FLAT",01:43:09.79,-16:01:41.4,194.C-0833(F),UVES,CALIB,"LAMP,FLAT",ECHELLE,UVES.2019-01-30T20:06:34.841,Jan 30 2019,UVES_dic1_cal_flatfree,2019-01-30T17:58:22,35.199,,,"FREE,HER_5",58513.837903,1.0,0.73
4268,"LAMP,FLAT",01:43:09.80,-16:01:41.4,194.C-0833(F),UVES,CALIB,"LAMP,FLAT",ECHELLE,UVES.2019-01-31T14:54:29.135,Jan 31 2019,UVES_dic1_cal_flatfree,2019-01-31T14:52:15,35.199,,,"FREE,HER_5",58514.621171,1.0,0.73
4269,"LAMP,FLAT",01:43:09.80,-16:01:41.4,194.C-0833(F),UVES,CALIB,"LAMP,FLAT",ECHELLE,UVES.2019-01-31T14:56:11.202,Jan 31 2019,UVES_dic1_cal_flatfree,2019-01-31T14:52:15,35.199,,,"FREE,HER_5",58514.622352,1.0,0.73
4270,"LAMP,FLAT",01:43:09.80,-16:01:41.4,194.C-0833(F),UVES,CALIB,"LAMP,FLAT",ECHELLE,UVES.2019-01-31T14:57:53.171,Jan 31 2019,UVES_dic1_cal_flatfree,2019-01-31T14:52:15,35.199,,,"FREE,HER_5",58514.623532,1.0,0.73
4271,"LAMP,FLAT",01:43:09.80,-16:01:41.4,194.C-0833(F),UVES,CALIB,"LAMP,FLAT",ECHELLE,UVES.2019-01-31T14:59:35.248,Jan 31 2019,UVES_dic1_cal_flatfree,2019-01-31T14:52:15,35.199,,,"FREE,HER_5",58514.624714,1.0,0.73
4272,"LAMP,FLAT",01:43:09.80,-16:01:41.4,194.C-0833(F),UVES,CALIB,"LAMP,FLAT",ECHELLE,UVES.2019-01-31T15:01:17.566,Jan 31 2019,UVES_dic1_cal_flatfree,2019-01-31T14:52:15,35.201,,,"FREE,HER_5",58514.625898,1.0,0.73
4273,"LAMP,FLAT",01:43:09.80,-16:01:41.4,194.C-0833(F),UVES,CALIB,"LAMP,FLAT",ECHELLE,UVES.2019-01-31T15:02:59.574,Jan 31 2019,UVES_dic1_cal_flatfree,2019-01-31T14:52:15,35.199,,,"FREE,HER_5",58514.627078,1.0,0.73
4274,"LAMP,FLAT",01:43:09.80,-16:01:41.4,194.C-0833(F),UVES,CALIB,"LAMP,FLAT",ECHELLE,UVES.2019-01-31T15:04:41.572,Jan 31 2019,UVES_dic1_cal_flatfree,2019-01-31T14:52:15,35.199,,,"FREE,HER_5",58514.628259,1.0,0.73
4275,"LAMP,FLAT",01:43:09.80,-16:01:41.4,194.C-0833(F),UVES,CALIB,"LAMP,FLAT",ECHELLE,UVES.2019-01-31T15:06:23.440,Jan 31 2019,UVES_dic1_cal_flatfree,2019-01-31T14:52:15,35.199,,,"FREE,HER_5",58514.629438,1.0,0.73
4276,"LAMP,FLAT",01:43:09.80,-16:01:41.4,194.C-0833(F),UVES,CALIB,"LAMP,FLAT",ECHELLE,UVES.2019-01-31T15:08:05.868,Jan 31 2019,UVES_dic1_cal_flatfree,2019-01-31T14:52:15,35.199,,,"FREE,HER_5",58514.630623,1.0,0.73
4277,"LAMP,FLAT",01:43:09.80,-16:01:41.4,194.C-0833(F),UVES,CALIB,"LAMP,FLAT",ECHELLE,UVES.2019-01-31T15:09:48.126,Jan 31 2019,UVES_dic1_cal_flatfree,2019-01-31T14:52:15,35.199,,,"FREE,HER_5",58514.631807,1.0,0.73
4278,"LAMP,FLAT",01:43:09.80,-16:01:41.4,194.C-0833(F),UVES,CALIB,"LAMP,FLAT",ECHELLE,UVES.2019-01-31T15:11:30.193,Jan 31 2019,UVES_dic1_cal_flatfree,2019-01-31T14:52:15,35.201,,,"FREE,HER_5",58514.632988,1.0,0.73
4279,"LAMP,FLAT",01:43:09.80,-16:01:41.4,194.C-0833(F),UVES,CALIB,"LAMP,FLAT",ECHELLE,UVES.2019-01-31T15:13:12.241,Jan 31 2019,UVES_dic1_cal_flatfree,2019-01-31T14:52:15,35.201,,,"FREE,HER_5",58514.634169,1.0,0.73
4280,"LAMP,FLAT",01:43:09.80,-16:01:41.4,194.C-0833(F),UVES,CALIB,"LAMP,FLAT",ECHELLE,UVES.2019-01-31T15:14:54.630,Jan 31 2019,UVES_dic1_cal_flatfree,2019-01-31T14:52:15,35.199,,,"FREE,HER_5",58514.635355,1.0,0.73
4281,"LAMP,FLAT",01:43:09.80,-16:01:41.4,194.C-0833(F),UVES,CALIB,"LAMP,FLAT",ECHELLE,UVES.2019-01-31T15:16:36.708,Jan 31 2019,UVES_dic1_cal_flatfree,2019-01-31T14:52:15,35.201,,,"FREE,HER_5",58514.636536,1.0,0.73
4282,"LAMP,FLAT",01:43:09.80,-16:01:41.4,194.C-0833(F),UVES,CALIB,"LAMP,FLAT",ECHELLE,UVES.2019-01-31T15:18:18.706,Jan 31 2019,UVES_dic1_cal_flatfree,2019-01-31T14:52:15,35.199,,,"FREE,HER_5",58514.637717,1.0,0.73
4283,"LAMP,FLAT",01:43:09.80,-16:01:41.4,194.C-0833(F),UVES,CALIB,"LAMP,FLAT",ECHELLE,UVES.2019-01-31T15:20:01.014,Jan 31 2019,UVES_dic1_cal_flatfree,2019-01-31T14:52:15,35.201,,,"FREE,HER_5",58514.638901,1.0,0.73
4284,"LAMP,FLAT",01:43:09.80,-16:01:41.4,194.C-0833(F),UVES,CALIB,"LAMP,FLAT",ECHELLE,UVES.2019-01-31T15:21:43.481,Jan 31 2019,UVES_dic1_cal_flatfree,2019-01-31T14:52:15,35.199,,,"FREE,HER_5",58514.640087,1.0,0.73
4285,"LAMP,FLAT",01:43:09.80,-16:01:41.4,194.C-0833(F),UVES,CALIB,"LAMP,FLAT",ECHELLE,UVES.2019-01-31T15:23:25.999,Jan 31 2019,UVES_dic1_cal_flatfree,2019-01-31T14:52:15,35.199,,,"FREE,HER_5",58514.641273,1.0,0.73
4286,"LAMP,FLAT",01:43:09.80,-16:01:41.4,194.C-0833(F),UVES,CALIB,"LAMP,FLAT",ECHELLE,UVES.2019-01-31T15:25:07.957,Jan 31 2019,UVES_dic1_cal_flatfree,2019-01-31T14:52:15,35.199,,,"FREE,HER_5",58514.642453,1.0,0.73
4287,"LAMP,FLAT",01:43:09.80,-16:01:41.4,194.C-0833(F),UVES,CALIB,"LAMP,FLAT",ECHELLE,UVES.2019-01-31T15:26:50.395,Jan 31 2019,UVES_dic1_cal_flatfree,2019-01-31T14:52:15,35.199,,,"FREE,HER_5",58514.643639,1.0,0.73
4288,"LAMP,FLAT",01:43:09.80,-16:01:41.4,194.C-0833(F),UVES,CALIB,"LAMP,FLAT",ECHELLE,UVES.2019-01-31T15:28:32.673,Jan 31 2019,UVES_dic1_cal_flatfree,2019-01-31T14:52:15,35.199,,,"FREE,HER_5",58514.644823,1.0,0.73
4289,"LAMP,FLAT",01:43:09.80,-16:01:41.4,194.C-0833(F),UVES,CALIB,"LAMP,FLAT",ECHELLE,UVES.2019-01-31T15:30:14.871,Jan 31 2019,UVES_dic1_cal_flatfree,2019-01-31T14:52:15,35.199,,,"FREE,HER_5",58514.646005,1.0,0.73
4290,"LAMP,FLAT",01:43:09.80,-16:01:41.4,194.C-0833(F),UVES,CALIB,"LAMP,FLAT",ECHELLE,UVES.2019-01-31T15:31:57.149,Jan 31 2019,UVES_dic1_cal_flatfree,2019-01-31T14:52:15,35.199,,,"FREE,HER_5",58514.647189,1.0,0.73
4291,"LAMP,FLAT",01:43:09.80,-16:01:41.4,194.C-0833(F),UVES,CALIB,"LAMP,FLAT",ECHELLE,UVES.2019-01-31T15:33:39.286,Jan 31 2019,UVES_dic1_cal_flatfree,2019-01-31T14:52:15,35.199,,,"FREE,HER_5",58514.648371,1.0,0.73
4292,"LAMP,FLAT",01:43:09.80,-16:01:41.4,194.C-0833(F),UVES,CALIB,"LAMP,FLAT",ECHELLE,UVES.2019-01-31T15:35:21.725,Jan 31 2019,UVES_dic1_cal_flatfree,2019-01-31T14:52:15,35.199,,,"FREE,HER_5",58514.649557,1.0,0.73
4293,"LAMP,FLAT",01:43:09.80,-16:01:41.4,194.C-0833(F),UVES,CALIB,"LAMP,FLAT",ECHELLE,UVES.2019-01-31T15:37:03.973,Jan 31 2019,UVES_dic1_cal_flatfree,2019-01-31T14:52:15,35.199,,,"FREE,HER_5",58514.65074,1.0,0.73
4294,"LAMP,FLAT",01:43:09.80,-16:01:41.4,194.C-0833(F),UVES,CALIB,"LAMP,FLAT",ECHELLE,UVES.2019-01-31T15:38:46.660,Jan 31 2019,UVES_dic1_cal_flatfree,2019-01-31T14:52:15,35.201,,,"FREE,HER_5",58514.651929,1.0,0.73
4295,"LAMP,FLAT",01:43:09.80,-16:01:41.4,194.C-0833(F),UVES,CALIB,"LAMP,FLAT",ECHELLE,UVES.2019-01-31T15:40:28.919,Jan 31 2019,UVES_dic1_cal_flatfree,2019-01-31T14:52:15,35.199,,,"FREE,HER_5",58514.653112,1.0,0.73
4296,"LAMP,FLAT",01:43:09.80,-16:01:41.4,194.C-0833(F),UVES,CALIB,"LAMP,FLAT",ECHELLE,UVES.2019-01-31T15:42:10.937,Jan 31 2019,UVES_dic1_cal_flatfree,2019-01-31T14:52:15,35.201,,,"FREE,HER_5",58514.654293,1.0,0.73
4297,"LAMP,FLAT",01:43:09.80,-16:01:41.4,194.C-0833(F),UVES,CALIB,"LAMP,FLAT",ECHELLE,UVES.2019-01-31T15:43:53.175,Jan 31 2019,UVES_dic1_cal_flatfree,2019-01-31T14:52:15,35.201,,,"FREE,HER_5",58514.655477,1.0,0.73
4298,"LAMP,FLAT",01:43:09.80,-16:01:41.4,194.C-0833(F),UVES,CALIB,"LAMP,FLAT",ECHELLE,UVES.2019-01-31T15:45:35.422,Jan 31 2019,UVES_dic1_cal_flatfree,2019-01-31T14:52:15,35.199,,,"FREE,HER_5",58514.65666,1.0,0.73
4299,"LAMP,FLAT",01:43:09.80,-16:01:41.4,194.C-0833(F),UVES,CALIB,"LAMP,FLAT",ECHELLE,UVES.2019-01-31T15:47:17.371,Jan 31 2019,UVES_dic1_cal_flatfree,2019-01-31T14:52:15,35.199,,,"FREE,HER_5",58514.65784,1.0,0.73
4300,"LAMP,FLAT",01:43:09.80,-16:01:41.4,194.C-0833(F),UVES,CALIB,"LAMP,FLAT",ECHELLE,UVES.2019-01-31T15:48:59.579,Jan 31 2019,UVES_dic1_cal_flatfree,2019-01-31T14:52:15,35.199,,,"FREE,HER_5",58514.659023,1.0,0.73
4301,"LAMP,FLAT",01:43:09.80,-16:01:41.4,194.C-0833(F),UVES,CALIB,"LAMP,FLAT",ECHELLE,UVES.2019-01-31T15:50:41.747,Jan 31 2019,UVES_dic1_cal_flatfree,2019-01-31T14:52:15,35.199,,,"FREE,HER_5",58514.660205,1.0,0.73
4302,"LAMP,FLAT",01:43:09.80,-16:01:41.4,194.C-0833(F),UVES,CALIB,"LAMP,FLAT",ECHELLE,UVES.2019-01-31T15:52:23.985,Jan 31 2019,UVES_dic1_cal_flatfree,2019-01-31T14:52:15,35.201,,,"FREE,HER_5",58514.661389,1.0,0.73
4303,"LAMP,FLAT",01:43:09.80,-16:01:41.4,194.C-0833(F),UVES,CALIB,"LAMP,FLAT",ECHELLE,UVES.2019-01-31T15:54:06.253,Jan 31 2019,UVES_dic1_cal_flatfree,2019-01-31T14:52:15,35.199,,,"FREE,HER_5",58514.662572,1.0,0.73
4304,"LAMP,FLAT",01:43:09.80,-16:01:41.4,194.C-0833(F),UVES,CALIB,"LAMP,FLAT",ECHELLE,UVES.2019-01-31T15:55:48.401,Jan 31 2019,UVES_dic1_cal_flatfree,2019-01-31T14:52:15,35.201,,,"FREE,HER_5",58514.663755,1.0,0.73
4305,"LAMP,FLAT",01:43:09.80,-16:01:41.4,194.C-0833(F),UVES,CALIB,"LAMP,FLAT",ECHELLE,UVES.2019-01-31T15:57:30.729,Jan 31 2019,UVES_dic1_cal_flatfree,2019-01-31T14:52:15,35.201,,,"FREE,HER_5",58514.664939,1.0,0.73
4306,"LAMP,FLAT",01:43:09.80,-16:01:41.4,194.C-0833(F),UVES,CALIB,"LAMP,FLAT",ECHELLE,UVES.2019-01-31T15:59:12.967,Jan 31 2019,UVES_dic1_cal_flatfree,2019-01-31T14:52:15,35.199,,,"FREE,HER_5",58514.666122,1.0,0.73
4307,"LAMP,FLAT",01:43:09.80,-16:01:41.4,194.C-0833(F),UVES,CALIB,"LAMP,FLAT",ECHELLE,UVES.2019-01-31T16:00:55.424,Jan 31 2019,UVES_dic1_cal_flatfree,2019-01-31T14:52:15,35.201,,,"FREE,HER_5",58514.667308,1.0,0.73
4308,"LAMP,FLAT",01:43:09.80,-16:01:41.4,194.C-0833(F),UVES,CALIB,"LAMP,FLAT",ECHELLE,UVES.2019-01-31T16:02:37.533,Jan 31 2019,UVES_dic1_cal_flatfree,2019-01-31T14:52:15,35.199,,,"FREE,HER_5",58514.66849,1.0,0.73
4309,"LAMP,FLAT",01:43:09.80,-16:01:41.4,194.C-0833(F),UVES,CALIB,"LAMP,FLAT",ECHELLE,UVES.2019-01-31T16:04:19.751,Jan 31 2019,UVES_dic1_cal_flatfree,2019-01-31T14:52:15,35.199,,,"FREE,HER_5",58514.669673,1.0,0.73
4310,"LAMP,FLAT",01:43:09.80,-16:01:41.4,194.C-0833(F),UVES,CALIB,"LAMP,FLAT",ECHELLE,UVES.2019-01-31T16:06:01.808,Jan 31 2019,UVES_dic1_cal_flatfree,2019-01-31T14:52:15,35.199,,,"FREE,HER_5",58514.670854,1.0,0.73
4311,"LAMP,FLAT",01:43:09.80,-16:01:41.4,194.C-0833(F),UVES,CALIB,"LAMP,FLAT",ECHELLE,UVES.2019-01-31T16:07:43.996,Jan 31 2019,UVES_dic1_cal_flatfree,2019-01-31T14:52:15,35.199,,,"FREE,HER_5",58514.672037,1.0,0.73
4312,"LAMP,FLAT",01:43:09.80,-16:01:41.4,194.C-0833(F),UVES,CALIB,"LAMP,FLAT",ECHELLE,UVES.2019-01-31T16:09:26.174,Jan 31 2019,UVES_dic1_cal_flatfree,2019-01-31T14:52:15,35.199,,,"FREE,HER_5",58514.67322,1.0,0.73
4313,"LAMP,FLAT",01:43:09.80,-16:01:41.4,194.C-0833(F),UVES,CALIB,"LAMP,FLAT",ECHELLE,UVES.2019-01-31T16:11:08.532,Jan 31 2019,UVES_dic1_cal_flatfree,2019-01-31T14:52:15,35.201,,,"FREE,HER_5",58514.674404,1.0,0.73
4314,"LAMP,FLAT",01:43:09.80,-16:01:41.4,194.C-0833(F),UVES,CALIB,"LAMP,FLAT",ECHELLE,UVES.2019-01-31T16:12:50.830,Jan 31 2019,UVES_dic1_cal_flatfree,2019-01-31T14:52:15,35.199,,,"FREE,HER_5",58514.675588,1.0,0.73
4315,"LAMP,FLAT",01:43:09.80,-16:01:41.4,194.C-0833(F),UVES,CALIB,"LAMP,FLAT",ECHELLE,UVES.2019-01-31T16:14:33.178,Jan 31 2019,UVES_dic1_cal_flatfree,2019-01-31T14:52:15,35.199,,,"FREE,HER_5",58514.676773,1.0,0.73
4316,"LAMP,FLAT",01:43:09.80,-16:01:41.4,194.C-0833(F),UVES,CALIB,"LAMP,FLAT",ECHELLE,UVES.2019-01-31T16:16:15.826,Jan 31 2019,UVES_dic1_cal_flatfree,2019-01-31T14:52:15,35.199,,,"FREE,HER_5",58514.677961,1.0,0.73
4317,"LAMP,FLAT",01:43:09.80,-16:01:41.4,194.C-0833(F),UVES,CALIB,"LAMP,FLAT",ECHELLE,UVES.2019-01-31T16:17:57.864,Jan 31 2019,UVES_dic1_cal_flatfree,2019-01-31T14:52:15,35.199,,,"FREE,HER_5",58514.679142,1.0,0.73
4318,"LAMP,FLAT",01:43:09.80,-16:01:41.4,194.C-0833(F),UVES,CALIB,"LAMP,FLAT",ECHELLE,UVES.2019-01-31T16:19:40.102,Jan 31 2019,UVES_dic1_cal_flatfree,2019-01-31T14:52:15,35.199,,,"FREE,HER_5",58514.680325,1.0,0.73
4319,"LAMP,FLAT",01:43:09.80,-16:01:41.4,194.C-0833(F),UVES,CALIB,"LAMP,FLAT",ECHELLE,UVES.2019-01-31T16:21:21.980,Jan 31 2019,UVES_dic1_cal_flatfree,2019-01-31T14:52:15,35.201,,,"FREE,HER_5",58514.681504,1.0,0.73
4320,"LAMP,FLAT",01:43:09.80,-16:01:41.4,194.C-0833(F),UVES,CALIB,"LAMP,FLAT",ECHELLE,UVES.2019-01-31T16:23:04.298,Jan 31 2019,UVES_dic1_cal_flatfree,2019-01-31T14:52:15,35.199,,,"FREE,HER_5",58514.682689,1.0,0.73
4321,"LAMP,FLAT",01:43:09.80,-16:01:41.4,194.C-0833(F),UVES,CALIB,"LAMP,FLAT",ECHELLE,UVES.2019-01-31T16:24:46.706,Jan 31 2019,UVES_dic1_cal_flatfree,2019-01-31T14:52:15,35.199,,,"FREE,HER_5",58514.683874,1.0,0.73
4322,"LAMP,FLAT",01:43:09.80,-16:01:41.4,194.C-0833(F),UVES,CALIB,"LAMP,FLAT",ECHELLE,UVES.2019-01-31T16:26:28.944,Jan 31 2019,UVES_dic1_cal_flatfree,2019-01-31T14:52:15,35.201,,,"FREE,HER_5",58514.685057,1.0,0.73
4323,"LAMP,FLAT",01:43:09.80,-16:01:41.4,194.C-0833(F),UVES,CALIB,"LAMP,FLAT",ECHELLE,UVES.2019-01-31T16:28:11.162,Jan 31 2019,UVES_dic1_cal_flatfree,2019-01-31T14:52:15,35.199,,,"FREE,HER_5",58514.68624,1.0,0.73
4324,"LAMP,FLAT",01:43:09.80,-16:01:41.4,194.C-0833(F),UVES,CALIB,"LAMP,FLAT",ECHELLE,UVES.2019-01-31T16:29:53.040,Jan 31 2019,UVES_dic1_cal_flatfree,2019-01-31T14:52:15,35.199,,,"FREE,HER_5",58514.687419,1.0,0.73
4325,"LAMP,FLAT",01:43:09.80,-16:01:41.4,194.C-0833(F),UVES,CALIB,"LAMP,FLAT",ECHELLE,UVES.2019-01-31T16:31:35.158,Jan 31 2019,UVES_dic1_cal_flatfree,2019-01-31T14:52:15,35.201,,,"FREE,HER_5",58514.688601,1.0,0.73
4326,"LAMP,FLAT",01:43:09.80,-16:01:41.4,194.C-0833(F),UVES,CALIB,"LAMP,FLAT",ECHELLE,UVES.2019-01-31T16:33:17.526,Jan 31 2019,UVES_dic1_cal_flatfree,2019-01-31T14:52:15,35.199,,,"FREE,HER_5",58514.689786,1.0,0.73
4327,"LAMP,FLAT",01:43:09.80,-16:01:41.4,194.C-0833(F),UVES,CALIB,"LAMP,FLAT",ECHELLE,UVES.2019-01-31T16:34:59.884,Jan 31 2019,UVES_dic1_cal_flatfree,2019-01-31T14:52:15,35.201,,,"FREE,HER_5",58514.690971,1.0,0.73
4328,"LAMP,FLAT",01:43:09.80,-16:01:41.4,194.C-0833(F),UVES,CALIB,"LAMP,FLAT",ECHELLE,UVES.2019-01-31T16:36:42.062,Jan 31 2019,UVES_dic1_cal_flatfree,2019-01-31T14:52:15,35.199,,,"FREE,HER_5",58514.692153,1.0,0.73
4329,"LAMP,FLAT",01:43:09.80,-16:01:41.4,194.C-0833(F),UVES,CALIB,"LAMP,FLAT",ECHELLE,UVES.2019-01-31T16:38:24.170,Jan 31 2019,UVES_dic1_cal_flatfree,2019-01-31T14:52:15,35.199,,,"FREE,HER_5",58514.693335,1.0,0.73
4330,"LAMP,FLAT",01:43:09.80,-16:01:41.4,194.C-0833(F),UVES,CALIB,"LAMP,FLAT",ECHELLE,UVES.2019-01-31T16:40:06.107,Jan 31 2019,UVES_dic1_cal_flatfree,2019-01-31T14:52:15,35.201,,,"FREE,HER_5",58514.694515,1.0,0.73
4331,"LAMP,FLAT",01:43:09.80,-16:01:41.4,194.C-0833(F),UVES,CALIB,"LAMP,FLAT",ECHELLE,UVES.2019-01-31T16:41:48.395,Jan 31 2019,UVES_dic1_cal_flatfree,2019-01-31T14:52:15,35.199,,,"FREE,HER_5",58514.695699,1.0,0.73
4332,"LAMP,FLAT",01:43:09.80,-16:01:41.4,194.C-0833(F),UVES,CALIB,"LAMP,FLAT",ECHELLE,UVES.2019-01-31T16:43:30.694,Jan 31 2019,UVES_dic1_cal_flatfree,2019-01-31T14:52:15,35.199,,,"FREE,HER_5",58514.696883,1.0,0.73
4333,"LAMP,FLAT",01:43:09.80,-16:01:41.4,194.C-0833(F),UVES,CALIB,"LAMP,FLAT",ECHELLE,UVES.2019-01-31T16:45:12.812,Jan 31 2019,UVES_dic1_cal_flatfree,2019-01-31T14:52:15,35.201,,,"FREE,HER_5",58514.698065,1.0,0.73
4334,"LAMP,FLAT",01:43:09.80,-16:01:41.4,194.C-0833(F),UVES,CALIB,"LAMP,FLAT",ECHELLE,UVES.2019-01-31T16:46:55.009,Jan 31 2019,UVES_dic1_cal_flatfree,2019-01-31T14:52:15,35.199,,,"FREE,HER_5",58514.699248,1.0,0.73
4335,"LAMP,FLAT",01:43:09.80,-16:01:41.4,194.C-0833(F),UVES,CALIB,"LAMP,FLAT",ECHELLE,UVES.2019-01-31T16:48:37.238,Jan 31 2019,UVES_dic1_cal_flatfree,2019-01-31T14:52:15,35.201,,,"FREE,HER_5",58514.700431,1.0,0.73
4336,"LAMP,FLAT",01:43:09.80,-16:01:41.4,194.C-0833(F),UVES,CALIB,"LAMP,FLAT",ECHELLE,UVES.2019-01-31T16:50:19.506,Jan 31 2019,UVES_dic1_cal_flatfree,2019-01-31T14:52:15,35.199,,,"FREE,HER_5",58514.701615,1.0,0.73
4337,"LAMP,FLAT",01:43:09.80,-16:01:41.4,194.C-0833(F),UVES,CALIB,"LAMP,FLAT",ECHELLE,UVES.2019-01-31T16:52:01.723,Jan 31 2019,UVES_dic1_cal_flatfree,2019-01-31T14:52:15,35.199,,,"FREE,HER_5",58514.702798,1.0,0.73
4338,"LAMP,FLAT",01:43:09.80,-16:01:41.4,194.C-0833(F),UVES,CALIB,"LAMP,FLAT",ECHELLE,UVES.2019-01-31T16:53:44.021,Jan 31 2019,UVES_dic1_cal_flatfree,2019-01-31T14:52:15,35.199,,,"FREE,HER_5",58514.703982,1.0,0.73
4339,"LAMP,FLAT",01:43:09.80,-16:01:41.4,194.C-0833(F),UVES,CALIB,"LAMP,FLAT",ECHELLE,UVES.2019-01-31T16:55:25.999,Jan 31 2019,UVES_dic1_cal_flatfree,2019-01-31T14:52:15,35.199,,,"FREE,HER_5",58514.705162,1.0,0.73
4340,"LAMP,FLAT",01:43:09.80,-16:01:41.4,194.C-0833(F),UVES,CALIB,"LAMP,FLAT",ECHELLE,UVES.2019-01-31T16:57:08.537,Jan 31 2019,UVES_dic1_cal_flatfree,2019-01-31T14:52:15,35.201,,,"FREE,HER_5",58514.706349,1.0,0.73
4341,"LAMP,FLAT",01:43:09.80,-16:01:41.4,194.C-0833(F),UVES,CALIB,"LAMP,FLAT",ECHELLE,UVES.2019-01-31T16:58:50.795,Jan 31 2019,UVES_dic1_cal_flatfree,2019-01-31T14:52:15,35.199,,,"FREE,HER_5",58514.707532,1.0,0.73
4342,"LAMP,FLAT",01:43:09.80,-16:01:41.4,194.C-0833(F),UVES,CALIB,"LAMP,FLAT",ECHELLE,UVES.2019-01-31T17:00:32.794,Jan 31 2019,UVES_dic1_cal_flatfree,2019-01-31T14:52:15,35.199,,,"FREE,HER_5",58514.708713,1.0,0.73
4343,"LAMP,FLAT",01:43:09.80,-16:01:41.4,194.C-0833(F),UVES,CALIB,"LAMP,FLAT",ECHELLE,UVES.2019-01-31T17:02:15.041,Jan 31 2019,UVES_dic1_cal_flatfree,2019-01-31T14:52:15,35.199,,,"FREE,HER_5",58514.709896,1.0,0.73
4344,"LAMP,FLAT",01:43:09.80,-16:01:41.4,194.C-0833(F),UVES,CALIB,"LAMP,FLAT",ECHELLE,UVES.2019-01-31T17:03:56.959,Jan 31 2019,UVES_dic1_cal_flatfree,2019-01-31T14:52:15,35.199,,,"FREE,HER_5",58514.711076,1.0,0.73
4345,"LAMP,FLAT",01:43:09.80,-16:01:41.4,194.C-0833(F),UVES,CALIB,"LAMP,FLAT",ECHELLE,UVES.2019-01-31T17:05:39.307,Jan 31 2019,UVES_dic1_cal_flatfree,2019-01-31T14:52:15,35.199,,,"FREE,HER_5",58514.71226,1.0,0.73
4346,"LAMP,FLAT",01:43:09.80,-16:01:41.4,194.C-0833(F),UVES,CALIB,"LAMP,FLAT",ECHELLE,UVES.2019-01-31T17:07:21.495,Jan 31 2019,UVES_dic1_cal_flatfree,2019-01-31T14:52:15,35.199,,,"FREE,HER_5",58514.713443,1.0,0.73
4347,"LAMP,FLAT",01:43:09.80,-16:01:41.4,194.C-0833(F),UVES,CALIB,"LAMP,FLAT",ECHELLE,UVES.2019-01-31T17:09:04.103,Jan 31 2019,UVES_dic1_cal_flatfree,2019-01-31T14:52:15,35.201,,,"FREE,HER_5",58514.714631,1.0,0.73
4348,"LAMP,FLAT",01:43:09.80,-16:01:41.4,194.C-0833(F),UVES,CALIB,"LAMP,FLAT",ECHELLE,UVES.2019-01-31T17:10:46.201,Jan 31 2019,UVES_dic1_cal_flatfree,2019-01-31T14:52:15,35.201,,,"FREE,HER_5",58514.715813,1.0,0.73
4349,"LAMP,FLAT",01:43:09.80,-16:01:41.4,194.C-0833(F),UVES,CALIB,"LAMP,FLAT",ECHELLE,UVES.2019-01-31T17:12:28.810,Jan 31 2019,UVES_dic1_cal_flatfree,2019-01-31T14:52:15,35.199,,,"FREE,HER_5",58514.717,1.0,0.73
4350,"LAMP,FLAT",01:43:09.80,-16:01:41.4,194.C-0833(F),UVES,CALIB,"LAMP,FLAT",ECHELLE,UVES.2019-01-31T17:14:10.727,Jan 31 2019,UVES_dic1_cal_flatfree,2019-01-31T14:52:15,35.201,,,"FREE,HER_5",58514.71818,1.0,0.73
4351,"LAMP,FLAT",01:43:09.80,-16:01:41.4,194.C-0833(F),UVES,CALIB,"LAMP,FLAT",ECHELLE,UVES.2019-01-31T17:15:53.406,Jan 31 2019,UVES_dic1_cal_flatfree,2019-01-31T14:52:15,35.201,,,"FREE,HER_5",58514.719368,1.0,0.73
4352,"LAMP,FLAT",01:43:09.80,-16:01:41.4,194.C-0833(F),UVES,CALIB,"LAMP,FLAT",ECHELLE,UVES.2019-01-31T17:17:35.673,Jan 31 2019,UVES_dic1_cal_flatfree,2019-01-31T14:52:15,35.199,,,"FREE,HER_5",58514.720552,1.0,0.73
4353,"LAMP,FLAT",01:43:09.80,-16:01:41.4,194.C-0833(F),UVES,CALIB,"LAMP,FLAT",ECHELLE,UVES.2019-01-31T17:19:17.781,Jan 31 2019,UVES_dic1_cal_flatfree,2019-01-31T14:52:15,35.199,,,"FREE,HER_5",58514.721734,1.0,0.73
4354,"LAMP,FLAT",01:43:09.80,-16:01:41.4,194.C-0833(F),UVES,CALIB,"LAMP,FLAT",ECHELLE,UVES.2019-01-31T17:20:59.859,Jan 31 2019,UVES_dic1_cal_flatfree,2019-01-31T14:52:15,35.201,,,"FREE,HER_5",58514.722915,1.0,0.73
4355,"LAMP,FLAT",01:43:09.80,-16:01:41.4,194.C-0833(F),UVES,CALIB,"LAMP,FLAT",ECHELLE,UVES.2019-01-31T17:22:41.907,Jan 31 2019,UVES_dic1_cal_flatfree,2019-01-31T14:52:15,35.199,,,"FREE,HER_5",58514.724096,1.0,0.73
4356,"LAMP,FLAT",01:43:09.80,-16:01:41.4,194.C-0833(F),UVES,CALIB,"LAMP,FLAT",ECHELLE,UVES.2019-01-31T17:24:24.025,Jan 31 2019,UVES_dic1_cal_flatfree,2019-01-31T14:52:15,35.201,,,"FREE,HER_5",58514.725278,1.0,0.73
4357,"LAMP,FLAT",01:43:09.80,-16:01:41.4,194.C-0833(F),UVES,CALIB,"LAMP,FLAT",ECHELLE,UVES.2019-01-31T17:26:06.173,Jan 31 2019,UVES_dic1_cal_flatfree,2019-01-31T14:52:15,35.199,,,"FREE,HER_5",58514.72646,1.0,0.73
4358,"LAMP,FLAT",01:43:09.80,-16:01:41.4,194.C-0833(F),UVES,CALIB,"LAMP,FLAT",ECHELLE,UVES.2019-01-31T17:27:48.161,Jan 31 2019,UVES_dic1_cal_flatfree,2019-01-31T14:52:15,35.199,,,"FREE,HER_5",58514.727641,1.0,0.73
4359,"LAMP,FLAT",01:43:09.80,-16:01:41.4,194.C-0833(F),UVES,CALIB,"LAMP,FLAT",ECHELLE,UVES.2019-01-31T17:29:30.169,Jan 31 2019,UVES_dic1_cal_flatfree,2019-01-31T14:52:15,35.199,,,"FREE,HER_5",58514.728821,1.0,0.73
4360,"LAMP,FLAT",01:43:09.80,-16:01:41.4,194.C-0833(F),UVES,CALIB,"LAMP,FLAT",ECHELLE,UVES.2019-01-31T17:31:12.137,Jan 31 2019,UVES_dic1_cal_flatfree,2019-01-31T14:52:15,35.199,,,"FREE,HER_5",58514.730002,1.0,0.73
4361,"LAMP,FLAT",01:43:09.80,-16:01:41.4,194.C-0833(F),UVES,CALIB,"LAMP,FLAT",ECHELLE,UVES.2019-01-31T17:32:54.495,Jan 31 2019,UVES_dic1_cal_flatfree,2019-01-31T14:52:15,35.199,,,"FREE,HER_5",58514.731186,1.0,0.73
4362,"LAMP,FLAT",01:43:09.80,-16:01:41.4,194.C-0833(F),UVES,CALIB,"LAMP,FLAT",ECHELLE,UVES.2019-01-31T17:34:36.783,Jan 31 2019,UVES_dic1_cal_flatfree,2019-01-31T14:52:15,35.201,,,"FREE,HER_5",58514.73237,1.0,0.73
4363,"LAMP,FLAT",01:43:09.80,-16:01:41.4,194.C-0833(F),UVES,CALIB,"LAMP,FLAT",ECHELLE,UVES.2019-01-31T17:36:18.751,Jan 31 2019,UVES_dic1_cal_flatfree,2019-01-31T14:52:15,35.199,,,"FREE,HER_5",58514.73355,1.0,0.73
4364,"LAMP,FLAT",01:43:09.80,-16:01:41.4,194.C-0833(F),UVES,CALIB,"LAMP,FLAT",ECHELLE,UVES.2019-01-31T17:38:00.999,Jan 31 2019,UVES_dic1_cal_flatfree,2019-01-31T14:52:15,35.199,,,"FREE,HER_5",58514.734734,1.0,0.73
4365,"LAMP,FLAT",01:43:09.80,-16:01:41.4,194.C-0833(F),UVES,CALIB,"LAMP,FLAT",ECHELLE,UVES.2019-01-31T17:39:43.337,Jan 31 2019,UVES_dic1_cal_flatfree,2019-01-31T14:52:15,35.201,,,"FREE,HER_5",58514.735918,1.0,0.73
4366,"LAMP,FLAT",01:43:09.80,-16:01:41.4,194.C-0833(F),UVES,CALIB,"LAMP,FLAT",ECHELLE,UVES.2019-01-31T17:41:25.505,Jan 31 2019,UVES_dic1_cal_flatfree,2019-01-31T14:52:15,35.201,,,"FREE,HER_5",58514.737101,1.0,0.73
4367,"LAMP,FLAT",01:43:09.80,-16:01:41.4,194.C-0833(F),UVES,CALIB,"LAMP,FLAT",ECHELLE,UVES.2019-01-31T17:43:07.953,Jan 31 2019,UVES_dic1_cal_flatfree,2019-01-31T14:52:15,35.201,,,"FREE,HER_5",58514.738286,1.0,0.73
4368,"LAMP,FLAT",01:43:09.80,-16:01:41.4,194.C-0833(F),UVES,CALIB,"LAMP,FLAT",ECHELLE,UVES.2019-02-01T04:17:57.696,Feb  1 2019,UVES_dic1_cal_flatfree,2019-02-01T04:15:48,35.199,,,"FREE,HER_5",58515.17914,1.0,0.73
4369,"LAMP,FLAT",01:43:09.80,-16:01:41.4,194.C-0833(F),UVES,CALIB,"LAMP,FLAT",ECHELLE,UVES.2019-02-01T04:19:39.765,Feb  1 2019,UVES_dic1_cal_flatfree,2019-02-01T04:15:48,35.199,,,"FREE,HER_5",58515.180321,1.0,0.73
4370,"LAMP,FLAT",01:43:09.80,-16:01:41.4,194.C-0833(F),UVES,CALIB,"LAMP,FLAT",ECHELLE,UVES.2019-02-01T04:21:22.092,Feb  1 2019,UVES_dic1_cal_flatfree,2019-02-01T04:15:48,35.199,,,"FREE,HER_5",58515.181506,1.0,0.73
4371,"LAMP,FLAT",01:43:09.80,-16:01:41.4,194.C-0833(F),UVES,CALIB,"LAMP,FLAT",ECHELLE,UVES.2019-02-01T04:23:04.200,Feb  1 2019,UVES_dic1_cal_flatfree,2019-02-01T04:15:48,35.199,,,"FREE,HER_5",58515.182688,1.0,0.73
4372,"LAMP,FLAT",01:43:09.80,-16:01:41.4,194.C-0833(F),UVES,CALIB,"LAMP,FLAT",ECHELLE,UVES.2019-02-01T04:24:46.188,Feb  1 2019,UVES_dic1_cal_flatfree,2019-02-01T04:15:48,35.199,,,"FREE,HER_5",58515.183868,1.0,0.73
4373,"LAMP,FLAT",01:43:09.80,-16:01:41.4,194.C-0833(F),UVES,CALIB,"LAMP,FLAT",ECHELLE,UVES.2019-02-01T04:26:28.496,Feb  1 2019,UVES_dic1_cal_flatfree,2019-02-01T04:15:48,35.199,,,"FREE,HER_5",58515.185052,1.0,0.73
4374,"LAMP,FLAT",01:43:09.80,-16:01:41.4,194.C-0833(F),UVES,CALIB,"LAMP,FLAT",ECHELLE,UVES.2019-02-01T04:28:10.724,Feb  1 2019,UVES_dic1_cal_flatfree,2019-02-01T04:15:48,35.199,,,"FREE,HER_5",58515.186235,1.0,0.73
4375,"LAMP,FLAT",01:43:09.80,-16:01:41.4,194.C-0833(F),UVES,CALIB,"LAMP,FLAT",ECHELLE,UVES.2019-02-01T04:29:52.742,Feb  1 2019,UVES_dic1_cal_flatfree,2019-02-01T04:15:48,35.201,,,"FREE,HER_5",58515.187416,1.0,0.73
4376,"LAMP,FLAT",01:43:09.80,-16:01:41.4,194.C-0833(F),UVES,CALIB,"LAMP,FLAT",ECHELLE,UVES.2019-02-01T04:31:35.200,Feb  1 2019,UVES_dic1_cal_flatfree,2019-02-01T04:15:48,35.201,,,"FREE,HER_5",58515.188602,1.0,0.73
4377,"LAMP,FLAT",01:43:09.80,-16:01:41.4,194.C-0833(F),UVES,CALIB,"LAMP,FLAT",ECHELLE,UVES.2019-02-01T04:33:17.518,Feb  1 2019,UVES_dic1_cal_flatfree,2019-02-01T04:15:48,35.199,,,"FREE,HER_5",58515.189786,1.0,0.73
4378,"LAMP,FLAT",01:43:09.81,-16:01:41.4,194.C-0833(F),UVES,CALIB,"LAMP,FLAT",ECHELLE,UVES.2019-02-01T13:43:26.665,Feb  1 2019,UVES_dic1_cal_flatfree,2019-02-01T13:41:13,35.199,,,"FREE,HER_5",58515.571836,1.0,0.73
4379,"LAMP,FLAT",01:43:09.81,-16:01:41.4,194.C-0833(F),UVES,CALIB,"LAMP,FLAT",ECHELLE,UVES.2019-02-01T13:45:08.973,Feb  1 2019,UVES_dic1_cal_flatfree,2019-02-01T13:41:13,35.199,,,"FREE,HER_5",58515.573021,1.0,0.73
4380,"LAMP,FLAT",01:43:09.81,-16:01:41.4,194.C-0833(F),UVES,CALIB,"LAMP,FLAT",ECHELLE,UVES.2019-02-01T13:46:51.211,Feb  1 2019,UVES_dic1_cal_flatfree,2019-02-01T13:41:13,35.199,,,"FREE,HER_5",58515.574204,1.0,0.73
4381,"LAMP,FLAT",01:43:09.81,-16:01:41.4,194.C-0833(F),UVES,CALIB,"LAMP,FLAT",ECHELLE,UVES.2019-02-01T13:48:33.828,Feb  1 2019,UVES_dic1_cal_flatfree,2019-02-01T13:41:13,35.201,,,"FREE,HER_5",58515.575392,1.0,0.73
4382,"LAMP,FLAT",01:43:09.81,-16:01:41.4,194.C-0833(F),UVES,CALIB,"LAMP,FLAT",ECHELLE,UVES.2019-02-01T13:50:15.876,Feb  1 2019,UVES_dic1_cal_flatfree,2019-02-01T13:41:13,35.199,,,"FREE,HER_5",58515.576573,1.0,0.73
4383,"LAMP,FLAT",01:43:09.81,-16:01:41.4,194.C-0833(F),UVES,CALIB,"LAMP,FLAT",ECHELLE,UVES.2019-02-01T13:51:58.034,Feb  1 2019,UVES_dic1_cal_flatfree,2019-02-01T13:41:13,35.199,,,"FREE,HER_5",58515.577755,1.0,0.73
4384,"LAMP,FLAT",01:43:09.81,-16:01:41.4,194.C-0833(F),UVES,CALIB,"LAMP,FLAT",ECHELLE,UVES.2019-02-01T13:53:40.561,Feb  1 2019,UVES_dic1_cal_flatfree,2019-02-01T13:41:13,35.199,,,"FREE,HER_5",58515.578942,1.0,0.73
4385,"LAMP,FLAT",01:43:09.81,-16:01:41.4,194.C-0833(F),UVES,CALIB,"LAMP,FLAT",ECHELLE,UVES.2019-02-01T13:55:22.929,Feb  1 2019,UVES_dic1_cal_flatfree,2019-02-01T13:41:13,35.199,,,"FREE,HER_5",58515.580126,1.0,0.73
4386,"LAMP,FLAT",01:43:09.81,-16:01:41.4,194.C-0833(F),UVES,CALIB,"LAMP,FLAT",ECHELLE,UVES.2019-02-01T13:57:05.187,Feb  1 2019,UVES_dic1_cal_flatfree,2019-02-01T13:41:13,35.199,,,"FREE,HER_5",58515.58131,1.0,0.73
4387,"LAMP,FLAT",01:43:09.81,-16:01:41.4,194.C-0833(F),UVES,CALIB,"LAMP,FLAT",ECHELLE,UVES.2019-02-01T13:58:47.175,Feb  1 2019,UVES_dic1_cal_flatfree,2019-02-01T13:41:13,35.199,,,"FREE,HER_5",58515.58249,1.0,0.73
4388,"LAMP,FLAT",01:43:09.81,-16:01:41.4,194.C-0833(F),UVES,CALIB,"LAMP,FLAT",ECHELLE,UVES.2019-02-01T14:00:29.292,Feb  1 2019,UVES_dic1_cal_flatfree,2019-02-01T13:41:13,35.199,,,"FREE,HER_5",58515.583672,1.0,0.73
4389,"LAMP,FLAT",01:43:09.81,-16:01:41.4,194.C-0833(F),UVES,CALIB,"LAMP,FLAT",ECHELLE,UVES.2019-02-01T14:02:11.300,Feb  1 2019,UVES_dic1_cal_flatfree,2019-02-01T13:41:13,35.201,,,"FREE,HER_5",58515.584853,1.0,0.73
4390,"LAMP,FLAT",01:43:09.81,-16:01:41.4,194.C-0833(F),UVES,CALIB,"LAMP,FLAT",ECHELLE,UVES.2019-02-01T14:03:53.827,Feb  1 2019,UVES_dic1_cal_flatfree,2019-02-01T13:41:13,35.199,,,"FREE,HER_5",58515.58604,1.0,0.73
4391,"LAMP,FLAT",01:43:09.81,-16:01:41.4,194.C-0833(F),UVES,CALIB,"LAMP,FLAT",ECHELLE,UVES.2019-02-01T14:05:35.935,Feb  1 2019,UVES_dic1_cal_flatfree,2019-02-01T13:41:13,35.199,,,"FREE,HER_5",58515.587221,1.0,0.73
4392,"LAMP,FLAT",01:43:09.81,-16:01:41.4,194.C-0833(F),UVES,CALIB,"LAMP,FLAT",ECHELLE,UVES.2019-02-01T14:07:18.173,Feb  1 2019,UVES_dic1_cal_flatfree,2019-02-01T13:41:13,35.199,,,"FREE,HER_5",58515.588405,1.0,0.73
4393,"LAMP,FLAT",01:43:09.81,-16:01:41.4,194.C-0833(F),UVES,CALIB,"LAMP,FLAT",ECHELLE,UVES.2019-02-01T14:09:00.181,Feb  1 2019,UVES_dic1_cal_flatfree,2019-02-01T13:41:13,35.199,,,"FREE,HER_5",58515.589585,1.0,0.73
4394,"LAMP,FLAT",01:43:09.81,-16:01:41.4,194.C-0833(F),UVES,CALIB,"LAMP,FLAT",ECHELLE,UVES.2019-02-01T14:10:42.239,Feb  1 2019,UVES_dic1_cal_flatfree,2019-02-01T13:41:13,35.201,,,"FREE,HER_5",58515.590767,1.0,0.73
4395,"LAMP,FLAT",01:43:09.81,-16:01:41.4,194.C-0833(F),UVES,CALIB,"LAMP,FLAT",ECHELLE,UVES.2019-02-01T14:12:24.236,Feb  1 2019,UVES_dic1_cal_flatfree,2019-02-01T13:41:13,35.199,,,"FREE,HER_5",58515.591947,1.0,0.73
4396,"LAMP,FLAT",01:43:09.81,-16:01:41.4,194.C-0833(F),UVES,CALIB,"LAMP,FLAT",ECHELLE,UVES.2019-02-01T14:14:06.454,Feb  1 2019,UVES_dic1_cal_flatfree,2019-02-01T13:41:13,35.199,,,"FREE,HER_5",58515.59313,1.0,0.73
4397,"LAMP,FLAT",01:43:09.81,-16:01:41.4,194.C-0833(F),UVES,CALIB,"LAMP,FLAT",ECHELLE,UVES.2019-02-01T14:15:48.912,Feb  1 2019,UVES_dic1_cal_flatfree,2019-02-01T13:41:13,35.199,,,"FREE,HER_5",58515.594316,1.0,0.73
4398,"LAMP,FLAT",05:33:15.39,-05:34:28.1,194.C-0833(H),UVES,CALIB,"LAMP,FLAT",ECHELLE,UVES.2019-02-02T06:16:55.273,Feb  2 2019,UVES_dic1_cal_flatfree,2019-02-02T06:14:46,35.201,,,"FREE,HER_5",58516.261751,1.0,0.84
4399,"LAMP,FLAT",05:33:15.39,-05:34:28.1,194.C-0833(H),UVES,CALIB,"LAMP,FLAT",ECHELLE,UVES.2019-02-02T06:18:37.240,Feb  2 2019,UVES_dic1_cal_flatfree,2019-02-02T06:14:46,35.201,,,"FREE,HER_5",58516.262931,1.0,0.84
4400,"LAMP,FLAT",05:33:15.39,-05:34:28.1,194.C-0833(H),UVES,CALIB,"LAMP,FLAT",ECHELLE,UVES.2019-02-02T06:20:19.278,Feb  2 2019,UVES_dic1_cal_flatfree,2019-02-02T06:14:46,35.201,,,"FREE,HER_5",58516.264112,1.0,0.84
4401,"LAMP,FLAT",05:33:15.39,-05:34:28.1,194.C-0833(H),UVES,CALIB,"LAMP,FLAT",ECHELLE,UVES.2019-02-02T06:22:01.766,Feb  2 2019,UVES_dic1_cal_flatfree,2019-02-02T06:14:46,35.199,,,"FREE,HER_5",58516.265298,1.0,0.84
4402,"LAMP,FLAT",05:33:15.39,-05:34:28.1,194.C-0833(H),UVES,CALIB,"LAMP,FLAT",ECHELLE,UVES.2019-02-02T06:23:44.134,Feb  2 2019,UVES_dic1_cal_flatfree,2019-02-02T06:14:46,35.199,,,"FREE,HER_5",58516.266483,1.0,0.84
4403,"LAMP,FLAT",05:33:15.39,-05:34:28.1,194.C-0833(H),UVES,CALIB,"LAMP,FLAT",ECHELLE,UVES.2019-02-02T06:25:26.471,Feb  2 2019,UVES_dic1_cal_flatfree,2019-02-02T06:14:46,35.199,,,"FREE,HER_5",58516.267667,1.0,0.84
4404,"LAMP,FLAT",05:33:15.39,-05:34:28.1,194.C-0833(H),UVES,CALIB,"LAMP,FLAT",ECHELLE,UVES.2019-02-02T06:27:08.580,Feb  2 2019,UVES_dic1_cal_flatfree,2019-02-02T06:14:46,35.199,,,"FREE,HER_5",58516.268849,1.0,0.84
4405,"LAMP,FLAT",05:33:15.39,-05:34:28.1,194.C-0833(H),UVES,CALIB,"LAMP,FLAT",ECHELLE,UVES.2019-02-02T06:28:50.918,Feb  2 2019,UVES_dic1_cal_flatfree,2019-02-02T06:14:46,35.201,,,"FREE,HER_5",58516.270034,1.0,0.84
4406,"LAMP,FLAT",05:33:15.39,-05:34:28.1,194.C-0833(H),UVES,CALIB,"LAMP,FLAT",ECHELLE,UVES.2019-02-02T06:30:33.255,Feb  2 2019,UVES_dic1_cal_flatfree,2019-02-02T06:14:46,35.199,,,"FREE,HER_5",58516.271218,1.0,0.84
4407,"LAMP,FLAT",05:33:15.39,-05:34:28.1,194.C-0833(H),UVES,CALIB,"LAMP,FLAT",ECHELLE,UVES.2019-02-02T06:32:15.663,Feb  2 2019,UVES_dic1_cal_flatfree,2019-02-02T06:14:46,35.199,,,"FREE,HER_5",58516.272404,1.0,0.84
4408,"LAMP,FLAT",10:09:09.35,-12:43:17.4,60.A-9022(A),UVES,CALIB,"LAMP,FLAT",ECHELLE,UVES.2019-02-03T10:42:30.884,Feb  3 2019,UVES_dic1_cal_flatfree,2019-02-03T10:41:32,59.398,,,"FREE,HER_5",58517.446191,1.0,0.68
4409,"LAMP,FLAT",10:09:09.35,-12:43:17.4,60.A-9022(A),UVES,CALIB,"LAMP,FLAT",ECHELLE,UVES.2019-02-03T10:44:37.503,Feb  3 2019,UVES_dic1_cal_flatfree,2019-02-03T10:41:32,59.398,,,"FREE,HER_5",58517.447656,1.0,0.68
4410,"LAMP,FLAT",10:09:09.35,-12:43:17.4,60.A-9022(A),UVES,CALIB,"LAMP,FLAT",ECHELLE,UVES.2019-02-03T10:46:44.273,Feb  3 2019,UVES_dic1_cal_flatfree,2019-02-03T10:41:32,59.398,,,"FREE,HER_5",58517.449124,1.0,0.52
4411,"LAMP,FLAT",10:09:09.35,-12:43:17.4,60.A-9022(A),UVES,CALIB,"LAMP,FLAT",ECHELLE,UVES.2019-02-03T10:48:51.563,Feb  3 2019,UVES_dic1_cal_flatfree,2019-02-03T10:41:32,59.401,,,"FREE,HER_5",58517.450597,1.0,0.52
4412,"LAMP,FLAT",10:09:09.35,-12:43:17.4,60.A-9022(A),UVES,CALIB,"LAMP,FLAT",ECHELLE,UVES.2019-02-03T10:50:58.712,Feb  3 2019,UVES_dic1_cal_flatfree,2019-02-03T10:41:32,59.398,,,"FREE,HER_5",58517.452068,1.0,0.52
4413,"LAMP,FLAT",04:24:28.31,-43:49:24.9,194.C-0833(G),UVES,CALIB,"LAMP,FLAT",ECHELLE,UVES.2019-02-04T00:45:21.916,Feb  4 2019,UVES_dic1_cal_flatfree,2019-02-04T00:43:13,35.199,,,"FREE,HER_5",58518.031504,1.0,0.52
4414,"LAMP,FLAT",04:36:34.60,-44:11:00.7,194.C-0833(G),UVES,CALIB,"LAMP,FLAT",ECHELLE,UVES.2019-02-04T00:47:03.744,Feb  4 2019,UVES_dic1_cal_flatfree,2019-02-04T00:43:13,35.199,,,"FREE,HER_5",58518.032682,1.0,0.52
4415,"LAMP,FLAT",04:49:23.03,-44:17:05.3,194.C-0833(G),UVES,CALIB,"LAMP,FLAT",ECHELLE,UVES.2019-02-04T00:48:46.052,Feb  4 2019,UVES_dic1_cal_flatfree,2019-02-04T00:43:13,35.201,,,"FREE,HER_5",58518.033866,1.0,0.52
4416,"LAMP,FLAT",05:02:24.16,-44:05:48.0,194.C-0833(G),UVES,CALIB,"LAMP,FLAT",ECHELLE,UVES.2019-02-04T00:50:28.479,Feb  4 2019,UVES_dic1_cal_flatfree,2019-02-04T00:43:13,35.201,,,"FREE,HER_5",58518.035052,1.0,0.52
4417,"LAMP,FLAT",05:14:52.40,-43:37:39.8,194.C-0833(G),UVES,CALIB,"LAMP,FLAT",ECHELLE,UVES.2019-02-04T00:52:10.907,Feb  4 2019,UVES_dic1_cal_flatfree,2019-02-04T00:43:13,35.199,,,"FREE,HER_5",58518.036237,1.0,0.52
4418,"LAMP,FLAT",05:26:48.31,-42:53:02.7,194.C-0833(G),UVES,CALIB,"LAMP,FLAT",ECHELLE,UVES.2019-02-04T00:53:53.025,Feb  4 2019,UVES_dic1_cal_flatfree,2019-02-04T00:43:13,35.199,,,"FREE,HER_5",58518.037419,1.0,0.52
4419,"LAMP,FLAT",05:37:58.89,-41:52:39.7,194.C-0833(G),UVES,CALIB,"LAMP,FLAT",ECHELLE,UVES.2019-02-04T00:55:35.303,Feb  4 2019,UVES_dic1_cal_flatfree,2019-02-04T00:43:13,35.199,,,"FREE,HER_5",58518.038603,1.0,0.52
4420,"LAMP,FLAT",05:48:13.15,-40:37:29.4,194.C-0833(G),UVES,CALIB,"LAMP,FLAT",ECHELLE,UVES.2019-02-04T00:57:17.440,Feb  4 2019,UVES_dic1_cal_flatfree,2019-02-04T00:43:13,35.201,,,"FREE,HER_5",58518.039785,1.0,0.52
4421,"LAMP,FLAT",05:57:22.30,-39:08:42.8,194.C-0833(G),UVES,CALIB,"LAMP,FLAT",ECHELLE,UVES.2019-02-04T00:58:59.848,Feb  4 2019,UVES_dic1_cal_flatfree,2019-02-04T00:43:13,35.201,,,"FREE,HER_5",58518.04097,1.0,0.52
4422,"LAMP,FLAT",06:05:23.28,-37:26:47.3,194.C-0833(G),UVES,CALIB,"LAMP,FLAT",ECHELLE,UVES.2019-02-04T01:00:41.916,Feb  4 2019,UVES_dic1_cal_flatfree,2019-02-04T00:43:13,35.201,,,"FREE,HER_5",58518.042152,1.0,0.52
4423,"LAMP,FLAT",10:34:56.11,-58:05:45.8,60.A-9022(A),UVES,CALIB,"LAMP,FLAT",ECHELLE,UVES.2019-02-04T10:25:16.275,Feb  4 2019,UVES_dic1_cal_flatfree,2019-02-04T10:22:57,23.759,,,"FREE,HER_5",58518.434216,1.0,0.53
4424,"LAMP,FLAT",10:34:56.11,-58:05:45.8,60.A-9022(A),UVES,CALIB,"LAMP,FLAT",ECHELLE,UVES.2019-02-04T10:26:47.312,Feb  4 2019,UVES_dic1_cal_flatfree,2019-02-04T10:22:57,23.759,,,"FREE,HER_5",58518.43527,1.0,0.53
4425,"LAMP,FLAT",10:34:56.11,-58:05:45.8,60.A-9022(A),UVES,CALIB,"LAMP,FLAT",ECHELLE,UVES.2019-02-04T10:28:17.819,Feb  4 2019,UVES_dic1_cal_flatfree,2019-02-04T10:22:57,23.759,,,"FREE,HER_5",58518.436317,1.0,0.53
4426,"LAMP,FLAT",10:34:56.11,-58:05:45.8,60.A-9022(A),UVES,CALIB,"LAMP,FLAT",ECHELLE,UVES.2019-02-04T10:29:48.476,Feb  4 2019,UVES_dic1_cal_flatfree,2019-02-04T10:22:57,23.759,,,"FREE,HER_5",58518.437367,1.0,0.53
4427,"LAMP,FLAT",10:34:56.11,-58:05:45.8,60.A-9022(A),UVES,CALIB,"LAMP,FLAT",ECHELLE,UVES.2019-02-04T10:31:19.013,Feb  4 2019,UVES_dic1_cal_flatfree,2019-02-04T10:22:57,23.759,,,"FREE,HER_5",58518.438415,1.0,0.53
4428,"LAMP,FLAT",10:34:56.10,-58:05:45.7,194.C-0833(G),UVES,CALIB,"LAMP,FLAT",ECHELLE,UVES.2019-02-04T20:12:41.747,Feb  4 2019,UVES_dic1_cal_flatfree,2019-02-04T20:10:29,35.199,,,"FREE,HER_5",58518.84215,1.0,0.51
4429,"LAMP,FLAT",10:34:56.10,-58:05:45.7,194.C-0833(G),UVES,CALIB,"LAMP,FLAT",ECHELLE,UVES.2019-02-04T20:14:23.815,Feb  4 2019,UVES_dic1_cal_flatfree,2019-02-04T20:10:29,35.199,,,"FREE,HER_5",58518.843331,1.0,0.51
4430,"LAMP,FLAT",10:34:56.10,-58:05:45.7,194.C-0833(G),UVES,CALIB,"LAMP,FLAT",ECHELLE,UVES.2019-02-04T20:16:06.102,Feb  4 2019,UVES_dic1_cal_flatfree,2019-02-04T20:10:29,35.199,,,"FREE,HER_5",58518.844515,1.0,0.51
4431,"LAMP,FLAT",10:34:56.10,-58:05:45.7,194.C-0833(G),UVES,CALIB,"LAMP,FLAT",ECHELLE,UVES.2019-02-04T20:17:48.190,Feb  4 2019,UVES_dic1_cal_flatfree,2019-02-04T20:10:29,35.201,,,"FREE,HER_5",58518.845697,1.0,0.51
4432,"LAMP,FLAT",10:34:56.10,-58:05:45.7,194.C-0833(G),UVES,CALIB,"LAMP,FLAT",ECHELLE,UVES.2019-02-04T20:19:30.708,Feb  4 2019,UVES_dic1_cal_flatfree,2019-02-04T20:10:29,35.201,,,"FREE,HER_5",58518.846883,1.0,0.51
4433,"LAMP,FLAT",10:34:56.10,-58:05:45.7,194.C-0833(G),UVES,CALIB,"LAMP,FLAT",ECHELLE,UVES.2019-02-04T20:21:13.075,Feb  4 2019,UVES_dic1_cal_flatfree,2019-02-04T20:10:29,35.201,,,"FREE,HER_5",58518.848068,1.0,0.51
4434,"LAMP,FLAT",10:34:56.10,-58:05:45.7,194.C-0833(G),UVES,CALIB,"LAMP,FLAT",ECHELLE,UVES.2019-02-04T20:22:55.203,Feb  4 2019,UVES_dic1_cal_flatfree,2019-02-04T20:10:29,35.199,,,"FREE,HER_5",58518.84925,1.0,0.51
4435,"LAMP,FLAT",10:34:56.10,-58:05:45.7,194.C-0833(G),UVES,CALIB,"LAMP,FLAT",ECHELLE,UVES.2019-02-04T20:24:37.491,Feb  4 2019,UVES_dic1_cal_flatfree,2019-02-04T20:10:29,35.199,,,"FREE,HER_5",58518.850434,1.0,0.51
4436,"LAMP,FLAT",10:34:56.10,-58:05:45.7,194.C-0833(G),UVES,CALIB,"LAMP,FLAT",ECHELLE,UVES.2019-02-04T20:26:19.768,Feb  4 2019,UVES_dic1_cal_flatfree,2019-02-04T20:10:29,35.201,,,"FREE,HER_5",58518.851618,1.0,0.51
4437,"LAMP,FLAT",10:34:56.10,-58:05:45.7,194.C-0833(G),UVES,CALIB,"LAMP,FLAT",ECHELLE,UVES.2019-02-04T20:28:01.726,Feb  4 2019,UVES_dic1_cal_flatfree,2019-02-04T20:10:29,35.199,,,"FREE,HER_5",58518.852798,1.0,0.51
4438,"LAMP,FLAT",10:34:56.09,-58:05:45.3,194.C-0833(D),UVES,CALIB,"LAMP,FLAT",ECHELLE,UVES.2019-02-05T16:50:42.181,Feb  5 2019,UVES_dic1_cal_flatfree,2019-02-05T16:48:33,35.199,,,"FREE,HER_5",58519.701877,1.0,0.96
4439,"LAMP,FLAT",10:34:56.09,-58:05:45.3,194.C-0833(D),UVES,CALIB,"LAMP,FLAT",ECHELLE,UVES.2019-02-05T16:52:24.209,Feb  5 2019,UVES_dic1_cal_flatfree,2019-02-05T16:48:33,35.199,,,"FREE,HER_5",58519.703058,1.0,0.96
4440,"LAMP,FLAT",10:34:56.09,-58:05:45.3,194.C-0833(D),UVES,CALIB,"LAMP,FLAT",ECHELLE,UVES.2019-02-05T16:54:06.197,Feb  5 2019,UVES_dic1_cal_flatfree,2019-02-05T16:48:33,35.199,,,"FREE,HER_5",58519.704238,1.0,0.96
4441,"LAMP,FLAT",10:34:56.09,-58:05:45.3,194.C-0833(D),UVES,CALIB,"LAMP,FLAT",ECHELLE,UVES.2019-02-05T16:55:48.456,Feb  5 2019,UVES_dic1_cal_flatfree,2019-02-05T16:48:33,35.201,,,"FREE,HER_5",58519.705422,1.0,0.96
4442,"LAMP,FLAT",10:34:56.09,-58:05:45.3,194.C-0833(D),UVES,CALIB,"LAMP,FLAT",ECHELLE,UVES.2019-02-05T16:57:30.873,Feb  5 2019,UVES_dic1_cal_flatfree,2019-02-05T16:48:33,35.199,,,"FREE,HER_5",58519.706607,1.0,0.96
4443,"LAMP,FLAT",10:34:56.09,-58:05:45.3,194.C-0833(D),UVES,CALIB,"LAMP,FLAT",ECHELLE,UVES.2019-02-05T16:59:13.051,Feb  5 2019,UVES_dic1_cal_flatfree,2019-02-05T16:48:33,35.199,,,"FREE,HER_5",58519.70779,1.0,0.96
4444,"LAMP,FLAT",10:34:56.09,-58:05:45.3,194.C-0833(D),UVES,CALIB,"LAMP,FLAT",ECHELLE,UVES.2019-02-05T17:00:55.569,Feb  5 2019,UVES_dic1_cal_flatfree,2019-02-05T16:48:33,35.199,,,"FREE,HER_5",58519.708976,1.0,0.96
4445,"LAMP,FLAT",10:34:56.09,-58:05:45.3,194.C-0833(D),UVES,CALIB,"LAMP,FLAT",ECHELLE,UVES.2019-02-05T17:02:38.067,Feb  5 2019,UVES_dic1_cal_flatfree,2019-02-05T16:48:33,35.201,,,"FREE,HER_5",58519.710163,1.0,0.96
4446,"LAMP,FLAT",10:34:56.09,-58:05:45.3,194.C-0833(D),UVES,CALIB,"LAMP,FLAT",ECHELLE,UVES.2019-02-05T17:04:19.944,Feb  5 2019,UVES_dic1_cal_flatfree,2019-02-05T16:48:33,35.199,,,"FREE,HER_5",58519.711342,1.0,0.96
4447,"LAMP,FLAT",10:34:56.09,-58:05:45.3,194.C-0833(D),UVES,CALIB,"LAMP,FLAT",ECHELLE,UVES.2019-02-05T17:06:01.933,Feb  5 2019,UVES_dic1_cal_flatfree,2019-02-05T16:48:33,35.199,,,"FREE,HER_5",58519.712522,1.0,0.96
4453,"LAMP,FLAT",16:53:16.98,-41:48:35.7,60.A-9022(A),UVES,CALIB,"LAMP,FLAT",ECHELLE,UVES.2019-02-12T10:25:00.608,Feb 12 2019,UVES_dic1_cal_flatfree,2019-02-12T10:24:02,59.398,,,"FREE,HER_5",58526.434035,1.0,0.9
4454,"LAMP,FLAT",16:53:16.98,-41:48:35.7,60.A-9022(A),UVES,CALIB,"LAMP,FLAT",ECHELLE,UVES.2019-02-12T10:27:07.287,Feb 12 2019,UVES_dic1_cal_flatfree,2019-02-12T10:24:02,59.398,,,"FREE,HER_5",58526.435501,1.0,0.9
4455,"LAMP,FLAT",16:53:16.98,-41:48:35.7,60.A-9022(A),UVES,CALIB,"LAMP,FLAT",ECHELLE,UVES.2019-02-12T10:29:14.157,Feb 12 2019,UVES_dic1_cal_flatfree,2019-02-12T10:24:02,59.401,,,"FREE,HER_5",58526.436969,1.0,0.9
4456,"LAMP,FLAT",16:53:16.98,-41:48:35.7,60.A-9022(A),UVES,CALIB,"LAMP,FLAT",ECHELLE,UVES.2019-02-12T10:31:21.727,Feb 12 2019,UVES_dic1_cal_flatfree,2019-02-12T10:24:02,59.398,,,"FREE,HER_5",58526.438446,1.0,0.9
4457,"LAMP,FLAT",16:53:16.98,-41:48:35.7,60.A-9022(A),UVES,CALIB,"LAMP,FLAT",ECHELLE,UVES.2019-02-12T10:33:28.606,Feb 12 2019,UVES_dic1_cal_flatfree,2019-02-12T10:24:02,59.401,,,"FREE,HER_5",58526.439914,1.0,0.9
4493,"LAMP,FLAT",17:19:02.00,-51:43:18.5,60.A-9022(A),UVES,CALIB,"LAMP,FLAT",ECHELLE,UVES.2019-04-02T11:30:09.408,Apr  2 2019,UVES_dic1_cal_flatfree,2019-04-02T11:29:12,39.601,,,"FREE,HER_5",58575.479276,1.0,2.11
4494,"LAMP,FLAT",17:19:02.00,-51:43:18.5,60.A-9022(A),UVES,CALIB,"LAMP,FLAT",ECHELLE,UVES.2019-04-02T11:31:56.165,Apr  2 2019,UVES_dic1_cal_flatfree,2019-04-02T11:29:12,39.599,,,"FREE,HER_5",58575.480511,1.0,2.11
4495,"LAMP,FLAT",17:19:02.00,-51:43:18.5,60.A-9022(A),UVES,CALIB,"LAMP,FLAT",ECHELLE,UVES.2019-04-02T11:33:42.803,Apr  2 2019,UVES_dic1_cal_flatfree,2019-04-02T11:29:12,39.599,,,"FREE,HER_5",58575.481745,1.0,2.11
4496,"LAMP,FLAT",17:19:02.00,-51:43:18.5,60.A-9022(A),UVES,CALIB,"LAMP,FLAT",ECHELLE,UVES.2019-04-02T11:35:29.321,Apr  2 2019,UVES_dic1_cal_flatfree,2019-04-02T11:29:12,39.599,,,"FREE,HER_5",58575.482978,1.0,2.11
4497,"LAMP,FLAT",17:19:02.00,-51:43:18.5,60.A-9022(A),UVES,CALIB,"LAMP,FLAT",ECHELLE,UVES.2019-04-02T11:37:16.039,Apr  2 2019,UVES_dic1_cal_flatfree,2019-04-02T11:29:12,39.599,,,"FREE,HER_5",58575.484213,1.0,2.11
4528,"LAMP,FLAT",13:51:56.79,-67:19:22.2,60.A-9022(A),UVES,CALIB,"LAMP,FLAT",ECHELLE,UVES.2019-04-25T09:43:50.197,Apr 25 2019,UVES_dic1_cal_flatfree,2019-04-25T09:42:53,39.599,,,"FREE,HER_5",58598.405442,1.0,1.91
4529,"LAMP,FLAT",13:51:56.79,-67:19:22.2,60.A-9022(A),UVES,CALIB,"LAMP,FLAT",ECHELLE,UVES.2019-04-25T09:45:36.764,Apr 25 2019,UVES_dic1_cal_flatfree,2019-04-25T09:42:53,39.601,,,"FREE,HER_5",58598.406676,1.0,1.91
4530,"LAMP,FLAT",13:51:56.79,-67:19:22.2,60.A-9022(A),UVES,CALIB,"LAMP,FLAT",ECHELLE,UVES.2019-04-25T09:47:23.102,Apr 25 2019,UVES_dic1_cal_flatfree,2019-04-25T09:42:53,39.599,,,"FREE,HER_5",58598.407906,1.0,1.91
4531,"LAMP,FLAT",13:51:56.79,-67:19:22.2,60.A-9022(A),UVES,CALIB,"LAMP,FLAT",ECHELLE,UVES.2019-04-25T09:49:09.739,Apr 25 2019,UVES_dic1_cal_flatfree,2019-04-25T09:42:53,39.599,,,"FREE,HER_5",58598.409141,1.0,1.91
4532,"LAMP,FLAT",13:51:56.79,-67:19:22.2,60.A-9022(A),UVES,CALIB,"LAMP,FLAT",ECHELLE,UVES.2019-04-25T09:50:56.288,Apr 25 2019,UVES_dic1_cal_flatfree,2019-04-25T09:42:53,39.599,,,"FREE,HER_5",58598.410374,1.0,1.91
4538,"LAMP,FLAT",16:08:23.33,-32:00:36.4,60.A-9022(A),UVES,CALIB,"LAMP,FLAT",ECHELLE,UVES.2019-05-05T11:05:24.552,May  5 2019,UVES_dic1_cal_flatfree,2019-05-05T11:04:27,23.759,,,"FREE,HER_5",58608.46209,1.0,1.34
4539,"LAMP,FLAT",16:08:23.33,-32:00:36.4,60.A-9022(A),UVES,CALIB,"LAMP,FLAT",ECHELLE,UVES.2019-05-05T11:06:55.058,May  5 2019,UVES_dic1_cal_flatfree,2019-05-05T11:04:27,23.759,,,"FREE,HER_5",58608.463137,1.0,1.34
4540,"LAMP,FLAT",16:08:23.33,-32:00:36.4,60.A-9022(A),UVES,CALIB,"LAMP,FLAT",ECHELLE,UVES.2019-05-05T11:08:26.356,May  5 2019,UVES_dic1_cal_flatfree,2019-05-05T11:04:27,23.759,,,"FREE,HER_5",58608.464194,1.0,1.34
4541,"LAMP,FLAT",16:08:23.33,-32:00:36.4,60.A-9022(A),UVES,CALIB,"LAMP,FLAT",ECHELLE,UVES.2019-05-05T11:09:57.262,May  5 2019,UVES_dic1_cal_flatfree,2019-05-05T11:04:27,23.759,,,"FREE,HER_5",58608.465246,1.0,1.34
4542,"LAMP,FLAT",16:08:23.33,-32:00:36.4,60.A-9022(A),UVES,CALIB,"LAMP,FLAT",ECHELLE,UVES.2019-05-05T11:11:27.919,May  5 2019,UVES_dic1_cal_flatfree,2019-05-05T11:04:27,23.759,,,"FREE,HER_5",58608.466295,1.0,1.34
4548,"LAMP,FLAT",20:09:45.55,-30:16:39.3,60.A-9022(A),UVES,CALIB,"LAMP,FLAT",ECHELLE,UVES.2019-05-09T11:38:49.660,May  9 2019,UVES_dic1_cal_flatfree,2019-05-09T11:37:52,23.759,,,"FREE,HER_5",58612.485297,1.0,0.58
4549,"LAMP,FLAT",20:09:45.55,-30:16:39.3,60.A-9022(A),UVES,CALIB,"LAMP,FLAT",ECHELLE,UVES.2019-05-09T11:40:20.345,May  9 2019,UVES_dic1_cal_flatfree,2019-05-09T11:37:52,23.759,,,"FREE,HER_5",58612.486347,1.0,0.58
4550,"LAMP,FLAT",20:09:45.55,-30:16:39.3,60.A-9022(A),UVES,CALIB,"LAMP,FLAT",ECHELLE,UVES.2019-05-09T11:41:51.232,May  9 2019,UVES_dic1_cal_flatfree,2019-05-09T11:37:52,23.762,,,"FREE,HER_5",58612.487399,1.0,0.58
4551,"LAMP,FLAT",20:09:45.55,-30:16:39.3,60.A-9022(A),UVES,CALIB,"LAMP,FLAT",ECHELLE,UVES.2019-05-09T11:43:22.099,May  9 2019,UVES_dic1_cal_flatfree,2019-05-09T11:37:52,23.759,,,"FREE,HER_5",58612.48845,1.0,0.58
4552,"LAMP,FLAT",20:09:45.55,-30:16:39.3,60.A-9022(A),UVES,CALIB,"LAMP,FLAT",ECHELLE,UVES.2019-05-09T11:44:53.046,May  9 2019,UVES_dic1_cal_flatfree,2019-05-09T11:37:52,23.759,,,"FREE,HER_5",58612.489503,1.0,0.58
4558,"LAMP,FLAT",20:47:39.89,+00:51:48.9,60.A-9022(A),UVES,CALIB,"LAMP,FLAT",ECHELLE,UVES.2019-05-12T10:47:37.734,May 12 2019,UVES_dic1_cal_flatfree,2019-05-12T10:46:41,23.762,,,"FREE,HER_5",58615.449742,1.0,1.35
4559,"LAMP,FLAT",20:47:39.89,+00:51:48.9,60.A-9022(A),UVES,CALIB,"LAMP,FLAT",ECHELLE,UVES.2019-05-12T10:49:08.140,May 12 2019,UVES_dic1_cal_flatfree,2019-05-12T10:46:41,23.759,,,"FREE,HER_5",58615.450789,1.0,1.35
4560,"LAMP,FLAT",20:47:39.89,+00:51:48.9,60.A-9022(A),UVES,CALIB,"LAMP,FLAT",ECHELLE,UVES.2019-05-12T10:50:38.917,May 12 2019,UVES_dic1_cal_flatfree,2019-05-12T10:46:41,23.762,,,"FREE,HER_5",58615.451839,1.0,1.35
4561,"LAMP,FLAT",20:47:39.89,+00:51:48.9,60.A-9022(A),UVES,CALIB,"LAMP,FLAT",ECHELLE,UVES.2019-05-12T10:52:09.953,May 12 2019,UVES_dic1_cal_flatfree,2019-05-12T10:46:41,23.759,,,"FREE,HER_5",58615.452893,1.0,1.35
4562,"LAMP,FLAT",20:47:39.89,+00:51:48.9,60.A-9022(A),UVES,CALIB,"LAMP,FLAT",ECHELLE,UVES.2019-05-12T10:53:40.780,May 12 2019,UVES_dic1_cal_flatfree,2019-05-12T10:46:41,23.759,,,"FREE,HER_5",58615.453944,1.0,1.35
4568,"LAMP,FLAT",20:09:45.18,-30:16:40.2,60.A-9022(A),UVES,CALIB,"LAMP,FLAT",ECHELLE,UVES.2019-05-20T11:34:00.048,May 20 2019,UVES_dic1_cal_flatfree,2019-05-20T11:33:03,39.599,,,"FREE,HER_5",58623.481945,1.0,0.85
4569,"LAMP,FLAT",20:09:45.18,-30:16:40.2,60.A-9022(A),UVES,CALIB,"LAMP,FLAT",ECHELLE,UVES.2019-05-20T11:35:46.635,May 20 2019,UVES_dic1_cal_flatfree,2019-05-20T11:33:03,39.599,,,"FREE,HER_5",58623.483179,1.0,0.85
4570,"LAMP,FLAT",20:09:45.18,-30:16:40.2,60.A-9022(A),UVES,CALIB,"LAMP,FLAT",ECHELLE,UVES.2019-05-20T11:37:33.083,May 20 2019,UVES_dic1_cal_flatfree,2019-05-20T11:33:03,39.601,,,"FREE,HER_5",58623.484411,1.0,0.85
4571,"LAMP,FLAT",20:09:45.18,-30:16:40.2,60.A-9022(A),UVES,CALIB,"LAMP,FLAT",ECHELLE,UVES.2019-05-20T11:39:19.731,May 20 2019,UVES_dic1_cal_flatfree,2019-05-20T11:33:03,39.599,,,"FREE,HER_5",58623.485645,1.0,0.85
4572,"LAMP,FLAT",20:09:45.18,-30:16:40.2,60.A-9022(A),UVES,CALIB,"LAMP,FLAT",ECHELLE,UVES.2019-05-20T11:41:06.339,May 20 2019,UVES_dic1_cal_flatfree,2019-05-20T11:33:03,39.601,,,"FREE,HER_5",58623.486879,1.0,0.85
4618,"LAMP,FLAT",17:46:40.97,-29:59:20.8,60.A-9022(A),UVES,CALIB,"LAMP,FLAT",ECHELLE,UVES.2019-06-30T10:46:45.823,Jun 30 2019,UVES_dic1_cal_flatfree,2019-06-30T10:45:48,23.759,,,"FREE,HER_5",58664.449141,1.0,1.69
4619,"LAMP,FLAT",17:46:40.97,-29:59:20.8,60.A-9022(A),UVES,CALIB,"LAMP,FLAT",ECHELLE,UVES.2019-06-30T10:48:16.320,Jun 30 2019,UVES_dic1_cal_flatfree,2019-06-30T10:45:48,23.759,,,"FREE,HER_5",58664.450189,1.0,1.69
4620,"LAMP,FLAT",17:46:40.97,-29:59:20.8,60.A-9022(A),UVES,CALIB,"LAMP,FLAT",ECHELLE,UVES.2019-06-30T10:49:47.146,Jun 30 2019,UVES_dic1_cal_flatfree,2019-06-30T10:45:48,23.762,,,"FREE,HER_5",58664.45124,1.0,1.69
4621,"LAMP,FLAT",17:46:40.97,-29:59:20.8,60.A-9022(A),UVES,CALIB,"LAMP,FLAT",ECHELLE,UVES.2019-06-30T10:51:17.663,Jun 30 2019,UVES_dic1_cal_flatfree,2019-06-30T10:45:48,23.759,,,"FREE,HER_5",58664.452288,1.0,1.69
4622,"LAMP,FLAT",17:46:40.97,-29:59:20.8,60.A-9022(A),UVES,CALIB,"LAMP,FLAT",ECHELLE,UVES.2019-06-30T10:52:48.260,Jun 30 2019,UVES_dic1_cal_flatfree,2019-06-30T10:45:48,23.762,,,"FREE,HER_5",58664.453336,1.0,1.69
4633,"LAMP,FLAT",00:51:15.38,-71:31:17.7,60.A-9022(A),UVES,CALIB,"LAMP,FLAT",ECHELLE,UVES.2019-07-02T10:46:38.618,Jul  2 2019,UVES_dic1_cal_flatfree,2019-07-02T10:45:42,23.759,,,"FREE,HER_5",58666.449058,1.0,2.35
4634,"LAMP,FLAT",00:51:15.38,-71:31:17.7,60.A-9022(A),UVES,CALIB,"LAMP,FLAT",ECHELLE,UVES.2019-07-02T10:48:09.205,Jul  2 2019,UVES_dic1_cal_flatfree,2019-07-02T10:45:42,23.759,,,"FREE,HER_5",58666.450107,1.0,2.35
4635,"LAMP,FLAT",00:51:15.38,-71:31:17.7,60.A-9022(A),UVES,CALIB,"LAMP,FLAT",ECHELLE,UVES.2019-07-02T10:49:40.001,Jul  2 2019,UVES_dic1_cal_flatfree,2019-07-02T10:45:42,23.759,,,"FREE,HER_5",58666.451157,1.0,2.35
4636,"LAMP,FLAT",00:51:15.38,-71:31:17.7,60.A-9022(A),UVES,CALIB,"LAMP,FLAT",ECHELLE,UVES.2019-07-02T10:51:10.708,Jul  2 2019,UVES_dic1_cal_flatfree,2019-07-02T10:45:42,23.759,,,"FREE,HER_5",58666.452207,1.0,2.35
4637,"LAMP,FLAT",00:51:15.38,-71:31:17.7,60.A-9022(A),UVES,CALIB,"LAMP,FLAT",ECHELLE,UVES.2019-07-02T10:52:41.515,Jul  2 2019,UVES_dic1_cal_flatfree,2019-07-02T10:45:42,23.759,,,"FREE,HER_5",58666.453258,1.0,2.35
4658,"LAMP,FLAT",23:18:58.24,-05:16:20.5,60.A-9022(A),UVES,CALIB,"LAMP,FLAT",ECHELLE,UVES.2019-07-14T11:31:13.600,Jul 14 2019,UVES_dic1_cal_flatfree,2019-07-14T11:30:16,23.759,,,"FREE,HER_5",58678.480019,1.0,0.42
4659,"LAMP,FLAT",23:18:58.24,-05:16:20.5,60.A-9022(A),UVES,CALIB,"LAMP,FLAT",ECHELLE,UVES.2019-07-14T11:32:44.626,Jul 14 2019,UVES_dic1_cal_flatfree,2019-07-14T11:30:16,23.762,,,"FREE,HER_5",58678.481072,1.0,0.42
4660,"LAMP,FLAT",23:18:58.24,-05:16:20.5,60.A-9022(A),UVES,CALIB,"LAMP,FLAT",ECHELLE,UVES.2019-07-14T11:34:15.513,Jul 14 2019,UVES_dic1_cal_flatfree,2019-07-14T11:30:16,23.759,,,"FREE,HER_5",58678.482124,1.0,0.42
4661,"LAMP,FLAT",23:18:58.24,-05:16:20.5,60.A-9022(A),UVES,CALIB,"LAMP,FLAT",ECHELLE,UVES.2019-07-14T11:35:46.279,Jul 14 2019,UVES_dic1_cal_flatfree,2019-07-14T11:30:16,23.759,,,"FREE,HER_5",58678.483175,1.0,0.42
4662,"LAMP,FLAT",23:18:58.24,-05:16:20.5,60.A-9022(A),UVES,CALIB,"LAMP,FLAT",ECHELLE,UVES.2019-07-14T11:37:17.216,Jul 14 2019,UVES_dic1_cal_flatfree,2019-07-14T11:30:16,23.759,,,"FREE,HER_5",58678.484227,1.0,0.42
4673,"LAMP,FLAT",23:18:58.11,-05:16:21.2,60.A-9600(D),UVES,CALIB,"LAMP,FLAT",ECHELLE,UVES.2019-07-18T10:45:54.184,Jul 18 2019,UVES_dic1_cal_flatfree,2019-07-18T10:44:57,23.759,,,"FREE,HER_5",58682.448544,1.0,0.46
4674,"LAMP,FLAT",23:18:58.11,-05:16:21.2,60.A-9600(D),UVES,CALIB,"LAMP,FLAT",ECHELLE,UVES.2019-07-18T10:47:25.112,Jul 18 2019,UVES_dic1_cal_flatfree,2019-07-18T10:44:57,23.759,,,"FREE,HER_5",58682.449596,1.0,0.46
4675,"LAMP,FLAT",23:18:58.11,-05:16:21.2,60.A-9600(D),UVES,CALIB,"LAMP,FLAT",ECHELLE,UVES.2019-07-18T10:48:55.998,Jul 18 2019,UVES_dic1_cal_flatfree,2019-07-18T10:44:57,23.759,,,"FREE,HER_5",58682.450648,1.0,0.46
4676,"LAMP,FLAT",23:18:58.11,-05:16:21.2,60.A-9600(D),UVES,CALIB,"LAMP,FLAT",ECHELLE,UVES.2019-07-18T10:50:26.825,Jul 18 2019,UVES_dic1_cal_flatfree,2019-07-18T10:44:57,23.759,,,"FREE,HER_5",58682.451699,1.0,0.46
4677,"LAMP,FLAT",23:18:58.11,-05:16:21.2,60.A-9600(D),UVES,CALIB,"LAMP,FLAT",ECHELLE,UVES.2019-07-18T10:51:57.842,Jul 18 2019,UVES_dic1_cal_flatfree,2019-07-18T10:44:57,23.762,,,"FREE,HER_5",58682.452753,1.0,0.46
4738,"LAMP,FLAT",03:54:17.47,+09:43:51.6,60.A-9022(A),UVES,CALIB,"LAMP,FLAT",ECHELLE,UVES.2019-10-09T11:10:27.177,Oct  9 2019,UVES_dic1_cal_flatfree,2019-10-09T11:09:14,23.759,,,"FREE,HER_5",58765.465592,1.0,1.41
4739,"LAMP,FLAT",03:54:17.47,+09:43:51.6,60.A-9022(A),UVES,CALIB,"LAMP,FLAT",ECHELLE,UVES.2019-10-09T11:11:58.114,Oct  9 2019,UVES_dic1_cal_flatfree,2019-10-09T11:09:14,23.759,,,"FREE,HER_5",58765.466645,1.0,1.41
4740,"LAMP,FLAT",03:54:17.47,+09:43:51.6,60.A-9022(A),UVES,CALIB,"LAMP,FLAT",ECHELLE,UVES.2019-10-09T11:13:28.631,Oct  9 2019,UVES_dic1_cal_flatfree,2019-10-09T11:09:14,23.762,,,"FREE,HER_5",58765.467692,1.0,1.41
4741,"LAMP,FLAT",03:54:17.47,+09:43:51.6,60.A-9022(A),UVES,CALIB,"LAMP,FLAT",ECHELLE,UVES.2019-10-09T11:14:59.518,Oct  9 2019,UVES_dic1_cal_flatfree,2019-10-09T11:09:14,23.759,,,"FREE,HER_5",58765.468744,1.0,1.41
4742,"LAMP,FLAT",03:54:17.47,+09:43:51.6,60.A-9022(A),UVES,CALIB,"LAMP,FLAT",ECHELLE,UVES.2019-10-09T11:16:30.415,Oct  9 2019,UVES_dic1_cal_flatfree,2019-10-09T11:09:14,23.759,,,"FREE,HER_5",58765.469796,1.0,1.41
4773,"LAMP,FLAT",05:09:10.29,-03:52:37.8,60.A-9022(A),UVES,CALIB,"LAMP,FLAT",ECHELLE,UVES.2019-11-13T10:05:42.702,Nov 13 2019,UVES_dic1_cal_flatfree,2019-11-13T10:04:46,33.939,,,"FREE,HER_5",58800.420633,1.0,0.64
4774,"LAMP,FLAT",05:09:10.29,-03:52:37.8,60.A-9022(A),UVES,CALIB,"LAMP,FLAT",ECHELLE,UVES.2019-11-13T10:07:23.780,Nov 13 2019,UVES_dic1_cal_flatfree,2019-11-13T10:04:46,33.939,,,"FREE,HER_5",58800.421803,1.0,0.64
4775,"LAMP,FLAT",05:09:10.29,-03:52:37.8,60.A-9022(A),UVES,CALIB,"LAMP,FLAT",ECHELLE,UVES.2019-11-13T10:09:04.838,Nov 13 2019,UVES_dic1_cal_flatfree,2019-11-13T10:04:46,33.941,,,"FREE,HER_5",58800.422973,1.0,0.64
4776,"LAMP,FLAT",05:09:10.29,-03:52:37.8,60.A-9022(A),UVES,CALIB,"LAMP,FLAT",ECHELLE,UVES.2019-11-13T10:10:45.955,Nov 13 2019,UVES_dic1_cal_flatfree,2019-11-13T10:04:46,33.939,,,"FREE,HER_5",58800.424143,1.0,0.64
4777,"LAMP,FLAT",05:09:10.29,-03:52:37.8,60.A-9022(A),UVES,CALIB,"LAMP,FLAT",ECHELLE,UVES.2019-11-13T10:12:26.853,Nov 13 2019,UVES_dic1_cal_flatfree,2019-11-13T10:04:46,33.941,,,"FREE,HER_5",58800.425311,1.0,0.64
4783,"LAMP,FLAT",10:47:28.66,-01:09:38.1,60.A-9022(A),UVES,CALIB,"LAMP,FLAT",ECHELLE,UVES.2019-11-15T10:09:31.858,Nov 15 2019,UVES_dic1_cal_flatfree,2019-11-15T10:07:12,33.941,,,"FREE,HER_5",58802.423285,1.0,0.73
4784,"LAMP,FLAT",10:47:28.66,-01:09:38.1,60.A-9022(A),UVES,CALIB,"LAMP,FLAT",ECHELLE,UVES.2019-11-15T10:11:13.236,Nov 15 2019,UVES_dic1_cal_flatfree,2019-11-15T10:07:12,33.939,,,"FREE,HER_5",58802.424459,1.0,0.73
4785,"LAMP,FLAT",10:47:28.66,-01:09:38.1,60.A-9022(A),UVES,CALIB,"LAMP,FLAT",ECHELLE,UVES.2019-11-15T10:12:53.984,Nov 15 2019,UVES_dic1_cal_flatfree,2019-11-15T10:07:12,33.939,,,"FREE,HER_5",58802.425625,1.0,0.73
4786,"LAMP,FLAT",10:47:28.66,-01:09:38.1,60.A-9022(A),UVES,CALIB,"LAMP,FLAT",ECHELLE,UVES.2019-11-15T10:14:35.191,Nov 15 2019,UVES_dic1_cal_flatfree,2019-11-15T10:07:12,33.941,,,"FREE,HER_5",58802.426796,1.0,0.73
4787,"LAMP,FLAT",10:47:28.66,-01:09:38.1,60.A-9022(A),UVES,CALIB,"LAMP,FLAT",ECHELLE,UVES.2019-11-15T10:16:16.198,Nov 15 2019,UVES_dic1_cal_flatfree,2019-11-15T10:07:12,33.939,,,"FREE,HER_5",58802.427965,1.0,0.73
